Tips,species,matched_name,body_mass,max_longevity,age_first_breeding,litter_or_clutch_size_n,clutches_per_year,fecundity
Acanthisitta_chloris_AY325307,Acanthisitta chloris,Acanthisitta chloris,6.525,6,273.75,4,1.5,6
Accipiter_gentilis_NC011818,Accipiter gentilis,Accipiter gentilis,988.75,22,636.835,3.5,1,3.5
Accipiter_nisus_NC025580,Accipiter nisus,Accipiter nisus,212,20.25,365,4.75,1,4.75
Accipiter_soloensis_KJ680303,Accipiter soloensis,Accipiter soloensis,161,NA,726.936,3.5,NA,NA
Accipiter_virgatus_KP336714,Accipiter virgatus,Accipiter virgatus,113.5,NA,NA,3.5,NA,NA
Aceros_corrugatus_HM755883,Aceros corrugatus,Rhabdotorrhinus corrugatus,1590,NA,NA,2.4,1,2.4
Aceros_waldenii_HQ834450,Aceros waldeni,Rhabdotorrhinus waldeni,1081,NA,NA,2.4,NA,NA
Acridotheres_cristatellus_NC015613,Acridotheres cristatellus,Acridotheres cristatellus,116.5,13,NA,4.25,1,4.25
Acridotheres_tristis_NC_015195,Acridotheres tristis,Acridotheres tristis,113.5,6.083333333,363.468,4.5,3,13.5
Acrocephalus_scirpaceus_NC010227,Acrocephalus scirpaceus,Acrocephalus scirpaceus,11.8,14,364.234,3.9,1.5,5.85
Acryllium_vulturinum_NC014180,Acryllium vulturinum,Acryllium vulturinum,1333.875,NA,NA,10,NA,NA
Aegithalos_bonvaloti_KF951087,Aegithalos bonvaloti,Aegithalos bonvaloti,7.25,NA,NA,4.5,NA,NA
Aegithalos_caudatus_KF951088,Aegithalos caudatus,Aegithalos caudatus,8.6,11.1,365,9.9,1,9.9
Aegithalos_concinnus_KF951091,Aegithalos concinnus,Aegithalos concinnus,6.25,NA,NA,4.2,1,4.2
Aegithalos_fuliginosus_KF951086,Aegithalos fuliginosus,Aegithalos fuliginosus,7,NA,NA,NA,NA,NA
Aegithalos_glaucogularis_KF951089,Aegithalos glaucogularis,Aegithalos glaucogularis,8.6,11.1,365,9.9,1,9.9
Aegithalos_talifuensis_KF951092,Aegithalos talifuensis,Aegithalos concinnus,6.25,NA,NA,4.2,1,4.2
Aegithalos_vinaceus_KF951090,Aegithalos vinaceus,Aegithalos glaucogularis,8.6,11.1,365,9.9,1,9.9
Aegotheles_cristatus_NC011718,Aegotheles cristatus,Aegotheles cristatus,44.125,NA,NA,3.265,1,3.265
Aegypius_monachus_NC022957,Aegypius monachus,Aegypius monachus,9625,39,1999.074,1,1,1
Agapornis_roseicollis_NC011708,Agapornis roseicollis,Agapornis roseicollis,54.25,16.3,363.468,5,NA,NA
Agelaius_phoeniceus_NC018801,Agelaius phoeniceus,Agelaius phoeniceus,54,20,547.75,3.3,2,6.6
Aix_galericulata_NC023969,Aix galericulata,Aix galericulata,560,15,363.468,10.5,1,10.5
Alauda_arvensis_JQ322641,Alauda arvensis,Alauda arvensis,37.5,10.1,364.234,3.43,2,6.86
Alectoris_chukar_NC020585,Alectoris chukar,Alectoris chukar,535.5,6.2,363.468,11.25,1.499635999,16.87090499
Alectura_lathami_NC007227,Alectura lathami,Alectura lathami,2330,12.5,NA,14.78,21,310.38
Amaurornis_phoenicurus_NC024593,Amaurornis phoenicurus,Amaurornis phoenicurus,215.5,NA,NA,6.75,NA,NA
Amazilia_versicolor_NC024156,Amazilia versicolor,Amazilia versicolor,4.1,8.65,NA,2,NA,NA
Amazona_barbadensis_JX524615,Amazona barbadensis,Amazona barbadensis,236.55,29,NA,3.1,NA,NA
Amblyramphus_holosericeus_NC018802,Amblyramphus holosericeus,Amblyramphus holosericeus,53.8,NA,NA,3.5,NA,NA
Anas_acuta_NC024631,Anas acuta,Anas acuta,872.25,27.417,240,7.7,1,7.7
Anas_chathamica_KF562761,Anas chathamica,Anas chathamica,NA,NA,NA,NA,NA,NA
Anas_crecca_NC022452,Anas crecca,Anas crecca,343.8,27.1,271.734,9.5,1,9.5
Anas_falcata_NC023352,Anas falcata,Anas falcata,649,NA,365,8,1,8
Anas_formosa_NC015482,Anas formosa,Anas formosa,435.5,NA,60.83333333,7.400485437,1,7.400485437
Anas_platyrhynchos_NC009684,Anas platyrhynchos,Anas platyrhynchos,1121,29.1,365,10.515,1,10.515
Anas_poecilorhyncha_NC022418,Anas poecilorhyncha,Anas poecilorhyncha,1163,NA,NA,8,1,8
Anhinga_rufa_NC014681,Anhinga rufa,Anhinga rufa,1518,16.2,730,4,NA,NA
Anomalopteryx_didiformis_NC002779,Anomalopteryx didiformis,Anomalopteryx didiformis,NA,NA,NA,NA,NA,NA
Anser_albifrons_NC004539,Anser albifrons,Anser albifrons,2387.5,47,1095,5.5,1,5.5
Anser_anser_NC011196,Anser anser,Anser anser,3308.5,31,1095,5,1,5
Anser_cygnoides_NC023832,Anser cygnoides,Anser cygnoides,3475,31,912.5,5.500350385,1,5.500350385
Anser_indicus_NC025654,Anser indicus,Anser indicus,2413.75,NA,NA,5,1,5
Anseranas_semipalmata_NC005933,Anseranas semipalmata,Anseranas semipalmata,2071,32,730.5,8,1,8
Apteryx_hastii_NC002782,Apteryx haastii,Apteryx haastii,2409,35,NA,1,1.5,1.5
Apteryx_mantelli_AY016010,Apteryx mantelli,Apteryx mantelli,2631,40,1461,1.45,1.5,2.175
Apteryx_owenii_NC013806,Apteryx owenii,Apteryx owenii,1200,83,912.5,1.35,1,1.35
Apus_apus_NC008540,Apus apus,Apus apus,39,21.08333333,728.468,2.3,1,2.3
Aquila_chrysaetos_NC024087,Aquila chrysaetos,Aquila chrysaetos,4383,50,1460,2,1,2
Ara_glaucogularis_NC026029,Ara glaucogularis,Ara glaucogularis,784,22,NA,2.4,NA,NA
Aratinga_acuticauda_JQ782214,Aratinga acuticauda,NA,NA,NA,NA,NA,NA,NA
Aratinga_brevipes_NC021764,Aratinga brevipes,Psittacara brevipes,177,22.5,NA,4,NA,NA
Aratinga_pertinax_NC015197,Aratinga pertinax,Eupsittula pertinax,86.375,NA,363.468,5,NA,NA
Arborophila_ardens_NC022683,Arborophila ardens,Arborophila ardens,300,NA,NA,2.4,NA,NA
Arborophila_brunneopectus_NC022684,Arborophila brunneopectus,Arborophila brunneopectus,268,NA,NA,4,NA,NA
Arborophila_gingica_FJ752425,Arborophila gingica,Arborophila gingica,253,NA,NA,5.95,NA,NA
Arborophila_rufipectus_NC012483,Arborophila rufipectus,Arborophila rufipectus,440,NA,NA,5.75,NA,NA
Arborophila_rufogularis_FJ752424,Arborophila rufogularis,Arborophila rufogularis,323.5,8.5,NA,4.5,NA,NA
Archilocus_colubris_NC010094,Archilochus colubris,Archilochus colubris,3.1425,9.1,364.234,2,2.25,4.5
Ardea_cinerea_NC025900,Ardea cinerea,Ardea cinerea,1443,37.5,730,4.305,1,4.305
Ardea_intermedia_NC025918,Ardea intermedia,Ardea intermedia,462,NA,NA,NA,NA,NA
Ardea_modesta_NC025916,Ardea modesta,Ardea alba,873.5,22.834,637.601,3.7,1.5,5.55
Ardea_novaehollandiae_NC008551,Ardea novaehollandiae,Egretta novaehollandiae,540.6,NA,NA,4.5,NA,NA
Ardea_purpurea_NC025919,Ardea purpurea,Ardea purpurea,903.875,25.417,546.734,4.2,1,4.2
Ardeola_bacchus_NC025921,Ardeola bacchus,Ardeola bacchus,306,NA,NA,4,2,8
Arenaria_interpres_NC003712,Arenaria interpres,Arenaria interpres,135,22.3,728.468,4,1,4
Athene_brama_KF961185,Athene brama,Athene brama,113,NA,NA,3.5,NA,NA
Attagis_gayi,Attagis gayi,Attagis gayi,311,NA,NA,4,NA,NA
Aythya_americana_NC000877,Aythya americana,Aythya americana,1056.25,22.6,365,9.295556,1,9.295556
Aythya_ferina_NC024602,Aythya ferina,Aythya ferina,853.5,23.2,365,8.8,1,8.8
Aythya_fuligula_NC_024595,Aythya fuligula,Aythya fuligula,701.5,45.25,365,9.6,1,9.6
Balaeniceps_rex_GU071053,Balaeniceps rex,Balaeniceps rex,5268,50,1090.404,2,1,2
Balearica_pavonina_NC020570,Balearica pavonina,Balearica pavonina,3590,13,1453.872,2.5,1,2.5
Balearica_regulorum_NC020569,Balearica regulorum,Balearica regulorum,3614.5,27.2,1453.872,2.5,1,2.5
Bambusicola_fytchii_NC020583,Bambusicola fytchii,Bambusicola fytchii,340.25,NA,NA,5,NA,NA
Bambusicola_thoracica_NC011816,Bambusicola thoracica,Bambusicola thoracicus,271,NA,NA,5,1,5
Bombycilla_cedrorum,Bombycilla cedrorum,Bombycilla cedrorum,32.04817,12.66667,365,4,1.9,7.6
Bonasia_bonasia_NC020591,Bonasa bonasia,Tetrastes bonasia,406.75,11,363.468,9,1,9
Botaurus_stellaris_NC025923,Botaurus stellaris,Botaurus stellaris,1277.75,11.33333,546.734,5,1,5
Branta_canadensis_NC007011,Branta canadensis,Branta canadensis,3984.5,42,730,5.15,1,5.15
Brotogeris_cyanoptera_HM627323,Brotogeris cyanoptera,Brotogeris cyanoptera,65.38,11.3,730,5.15,NA,NA
Bubulcus_ibis_NC025917,Bubulcus ibis,Bubulcus ibis,372,23,637.601,4.25,1,4.25
Bucanetes_mongolica,Bucanetes mongolica,Bucanetes mongolicus,21.9,NA,NA,4.9,NA,NA
Bucorvus_leadberti_NC015199,Bucorvus leadbeateri,Bucorvus leadbeateri,3920.5,70,1638.279,1.7,NA,NA
Burhinus_grallarius,Burhinus grallarius,Burhinus grallarius,667.9667,NA,NA,2,NA,NA
Buteo_burmanicus_KM364882,Buteo burmanicus,Buteo burmanicus,878.25,28.8,910.202,3,1,3
Buteo_buteo_NC003128,Buteo buteo,Buteo buteo,878.25,28.8,910.202,3,1,3
Butorides_striata_NC025922,Butorides striata,Butorides striata,198,11.6,730,3,1,3
Bycanistes_brevis_NC015201,Bycanistes brevis,Bycanistes brevis,1075,NA,NA,2,NA,NA
Cacatua_moluccensis_NC_020592,Cacatua moluccensis,Cacatua moluccensis,835,69,2000,2,NA,NA
Cacatua_pastinator_JF414240,Cacatua pastinator,Cacatua pastinator,600,26.3,2000,2.505,NA,NA
Cairina_moschata_NC010965,Cairina moschata,Cairina moschata,2228,NA,365,11,1.5,16.5
Caloperdix_oculeus,Caloperdix oculeus,Caloperdix oculeus,190.5,NA,NA,8.9,NA,NA
Calyptorhynchus_baudinii_NC020594,Calyptorhynchus baudinii,Calyptorhynchus baudinii,631.425,47,NA,2,NA,NA
Calyptorhynchus_lathami_NC020593,Calyptorhynchus lathami,Calyptorhynchus lathami,431.975,NA,1090.404,1,NA,NA
Calyptorhynchus_latirostris_NC020595,Calyptorhynchus latirostris,Calyptorhynchus latirostris,622.925,19,NA,1.5,NA,NA
Campylorhynchus_zonatus_NC022840,Campylorhynchus zonatus,Campylorhynchus zonatus,34.25,7.3,243,3.95,2,7.9
Cardinalis_cardinalis,Cardinalis cardinalis,Cardinalis cardinalis,43.05,28.5,364.234,3.12,2.5,7.8
Carduelis_pinus,Carduelis pinus,Spinus pinus,13.05,11,363.468,3.5,1.5,5.25
Carduelis_psaltria,Carduelis psaltria,Spinus psaltria,9.115,5.7,NA,4,1,4
Carduelis_sinica_NC015196,Carduelis sinica,Chloris sinica,19.6,NA,NA,3.2,2,6.4
Carduelis_spinus_NC015198,Carduelis spinus,Spinus spinus,13.5,13.5,364.234,4,2,8
Carpodacus_cassini,Carpodacus cassinii,Haemorhous cassinii,27.475,7,365,4.5,1.25,5.625
Carpodacus_erythrinus,Carpodacus erythrinus,Carpodacus erythrinus,24.25,9,365,4.9,1,4.9
Carpodacus_mexicanus,Carpodacus mexicanus,Haemorhous mexicanus,21.4,11.6,363.468,4.305,2.5,10.7625
Carpodacus_roseus,Carpodacus roseus,Carpodacus roseus,28,NA,NA,4.5,2,9
Casuarius_bennetti_AY016011,Casuarius bennetti,Casuarius bennetti,30500,26,1461,5,NA,NA
Casuarius_casuarius_NC002778,Casuarius casuarius,Casuarius casuarius,44000,30,1453.872,5.666937,2.499848,14.16648113
Catharacta_skua,Catharacta skua,Stercorarius skua,1420.25,34.5,1821.936,2,1,2
Cathartes_aura_NC007628,Cathartes aura,Cathartes aura,1776,20.8,730.5,2,1,2
Cecropis_daurica_NC_024107,Cecropis daurica,Cecropis daurica,22.225,9,363.468,4.065,2,8.13
Ceryle_rudis_NC024280,Ceryle rudis,Ceryle rudis,84.4,5,363.468,5,1.5,7.5
Chalcophaps_indica_HM746789,Chalcophaps indica,Chalcophaps indica,136.9833,NA,NA,2,NA,NA
Charadrius_vociferus,Charadrius vociferus,Charadrius vociferus,94.275,10.91667,365,4,15,60
Chionis_minor,Chionis minor,Chionis minor,551,NA,1460,2.295,NA,NA
Chlorophanes_spiza,Chlorophanes spiza,Chlorophanes spiza,18.75,NA,NA,2,NA,NA
Chroicocephalus_ridibundus_KM577662,Chroicocephalus ridibundus,Chroicocephalus ridibundus,271.6667,63,728.468,2.7,1,2.7
Chrysolampis_mosquitus_NC025786,Chrysolampis mosquitus,Chrysolampis mosquitus,4.2125,NA,730,2,NA,NA
Chrysolophus_amherstiae_NC014576,Chrysolophus amherstiae,Chrysolophus amherstiae,714,19.6,363.468,7.75,1,7.75
Chrysolophus_picta_FJ752433,Chrysolophus picta,Chrysolophus pictus,633.75,13.4,364.234,8.75,1,8.75
Chrysomus_cyanopus_NC018813,Chrysomus cyanopus,Agelasticus cyanopus,32.3,NA,NA,3,NA,NA
Chrysomus_icterocephalus_NC018799,Chrysomus icterocephalus,Chrysomus icterocephalus,31.85,NA,NA,2.7,NA,NA
Chrysomus_ruficapillus_NC018796,Chrysomus ruficapillus,Chrysomus ruficapillus,36.75,NA,NA,3,NA,NA
Chrysomus_thilius_NC018807,Chrysomus thilius,Agelasticus thilius,31.7,NA,NA,3,NA,NA
Chrysomus_xanthophthalmus_NC018798,Chrysomus xanthophthalmus,Agelasticus xanthophthalmus,45.1,NA,NA,NA,NA,NA
Ciconia_boyciana_NC002196,Ciconia boyciana,Ciconia boyciana,3538,48.1,1277.875,4,1,4
Ciconia_ciconia_NC002197,Ciconia ciconia,Ciconia ciconia,3350,48,1277.875,4,1,4
Ciconia_nigra_NC023946,Ciconia nigra,Ciconia nigra,3000,31.3,1090.404,3.5,1,3.5
Cnemotriccus_fuscatus_NC007975,Cnemotriccus fuscatus,Cnemotriccus fuscatus,13.6,NA,NA,3,NA,NA
Coccothraustes_coccothraustes,Coccothraustes coccothraustes,Coccothraustes coccothraustes,56.05,12.6,364.234,4,1,4
Coccothraustes_vespertinus,Coccothraustes vespertinus,Hesperiphona vespertina,59.5,17,363.468,3.5,1.25,4.375
Colinus_virginianus_NC024620,Colinus virginianus,Colinus virginianus,173.3333,6.416667,364.234,13,1.5,19.5
Columba_janthina_KM926619,Columba janthina,Columba janthina,397,NA,NA,1,NA,NA
Columba_livia_NC013978,Columba livia,Columba livia,320,35,140,2,4,8
Corvus_brachyrhynchos_NC026461,Corvus brachyrhynchos,Corvus brachyrhynchos,453,59,730,4.59,1,4.59
Corvus_cornix_NC_024698,Corvus cornix,Corvus cornix,544.5,19.2,910.968,4.5,1,4.5
Corvus_frugilegus_NC002069,Corvus frugilegus,Corvus frugilegus,453.5,22.91667,546.734,4,1,4
Corvus_hawaiiensis_NC_026783,Corvus hawaiiensis,Corvus hawaiiensis,520,25,730,4,1,4
Corvus_macrorhynchos_KR057957,Corvus macrorhynchos,Corvus macrorhynchos,544.75,NA,NA,4.9,NA,NA
Corvus_splendens_KJ766304,Corvus splendens,Corvus splendens,312,5.083333,NA,4.5,2,9
Coturnicops_exquisitus_NC012143,Coturnicops exquisitus,Coturnicops exquisitus,60.9,NA,NA,8.015,NA,NA
Coturnix_chinensis_NC004575,Coturnix chinensis,Excalfactoria chinensis,41,5,1095,6,1,6
Coturnix_japonica_NC003408,Coturnix japonica,Coturnix japonica,96.6,14.58333,213.234,10.2,1.25,12.75
Crax_daubentoni_NC024617,Crax daubentoni,Crax daubentoni,2644,NA,NA,2,NA,NA
Crax_rubra_NC024618,Crax rubra,Crax rubra,4133,24,NA,2,NA,NA
Crossopptilon_auritum_NC015897,Crossoptilon auritum,Crossoptilon auritum,1785,NA,NA,8,1,8
Crossoptilon_crossoptilon_NC016679,Crossoptilon crossoptilon,Crossoptilon crossoptilon,1962.5,NA,NA,6,2,12
Crossoptilon_harmani_NC026547,Crossoptilon harmani,Crossoptilon harmani,1962.5,NA,NA,6,2,12
Crossoptilon_mantchuricum_NC026548,Crossoptilon mantchuricum,Crossoptilon mantchuricum,1962.5,NA,NA,7.5,NA,NA
Crotophaga_ani_HM746794,Crotophaga ani,Crotophaga ani,112.625,NA,730.5,4.15,3,12.45
Crypturellus_tataupa_AY016012,Crypturellus tataupa,Crypturellus tataupa,218.5,NA,NA,4.5,2,9
Curaeus_curaeus_NC018808,Curaeus curaeus,Curaeus curaeus,83.55,NA,NA,4.5,NA,NA
Cursorius_temminckii,Cursorius temminckii,Cursorius temminckii,69.2,NA,NA,2,NA,NA
Cyanopica_cyanus_NC015824,Cyanopica cyanus,Cyanopica cyanus,92,NA,NA,6,NA,NA
Cyanoptila_cyanomela_NC015232,Cyanoptila cyanomelana,Cyanoptila cyanomelana,22.75,NA,NA,5,NA,NA
Cygnus_atratus_NC012843,Cygnus atratus,Cygnus atratus,5656,40,821,5.5,1,5.5
Cygnus_bewickii_NC017604,Cygnus bewickii,Cygnus columbianus,6350,24.1,1001.069,4,1,4
Cygnus_columbianus_NC007691,Cygnus columbianus,Cygnus columbianus,6350,24.1,1001.069,4,1,4
Cygnus_cygnus_NC027095,Cygnus cygnus,Cygnus cygnus,9413,26.5,1456.936,4.920659,1,4.920659
Cygnus_olor_mitochondrion_NC027096,Cygnus olor,Cygnus olor,10230,70,1183.569,5.95,1,5.95
Dendrocygna_javanica_NC012844,Dendrocygna javanica,Dendrocygna javanica,525,NA,365,10,1,10
Dinornis_giganteus_NC002672,Dinornis giganteus,NA,NA,NA,NA,NA,NA,NA
Diomedea_chrysostoma_AP009193,Diomedea chrysostoma,Thalassarche chrysostoma,3700,47.2,4383,1,0.5799257,0.5799257
Diomedea_melanohprys_NC007172,Diomedea melanohprys,Thalassarche melanophris,3440,43.7,3871.65,1,0.84,0.84
Dives_dives_NC018800,Dives dives,Dives dives,95.4,NA,NA,3,NA,NA
Dromaius_novaehollandiae_NC002784,Dromaius novaehollandiae,Dromaius novaehollandiae,36200,16.6,726.936,9.5,1.499938,14.249411
Dryocopus_pileatus_NC008546,Dryocopus pileatus,Dryocopus pileatus,303.875,13,354,3.815,1,3.815
Dupetor_flavicollis_NC024575,Dupetor flavicollis,Dupetor flavicollis,321,NA,NA,4,2,8
Ectopistes_migratorius_KC489473,Ectopistes migratorius,Ectopistes migratorius,298.5,15,NA,1,1,1
Egretta_eulophotes_NC009736,Egretta eulophotes,Egretta eulophotes,469.5,NA,NA,4,NA,NA
Egretta_garzetta_NC023981,Egretta garzetta,Egretta garzetta,495,22.34,364.234,4,1,4
Egretta_sacra_NC025920,Egretta sacra,Egretta sacra,510.25,8.583333,NA,3.75,NA,NA
Emberiza_aureola_NC022150,Emberiza aureola,Emberiza aureola,21.15,7,365,4,1,4
Emberiza_chrysophrys_NC015233,Emberiza chrysophrys,Emberiza chrysophrys,18,NA,365,3.9,NA,NA
Emberiza_cioides_NC_024524,Emberiza cioides,Emberiza cioides,22.1,NA,NA,4.6,2,9.2
Emberiza_pusilla_NC021408,Emberiza pusilla,Emberiza pusilla,14.95,NA,365,5,1,5
Emberiza_rustica_KC831775,Emberiza rustica,Emberiza rustica,20.1,NA,365,4.61,1,4.61
Emberiza_rutila_KC952874,Emberiza rutila,Emberiza rutila,17.375,NA,365,4,NA,NA
Emberiza_spodocephalus_NC021445,Emberiza spodocephalus,Emberiza spodocephala,17.725,NA,NA,4.5,2,9
Emberiza_tristrami_NC015234,Emberiza tristrami,Emberiza tristrami,17.75,NA,365,4.5,2,9
Emeus_crassus_NC002673,Emeus crassus,NA,NA,NA,NA,NA,NA,NA
Eopsaltria_australis_NC019665,Eopsaltria australis,Eopsaltria australis,20.25,12,NA,2.2,3,6.6
Epthianura_albifrons_NC019664,Epthianura albifrons,Epthianura albifrons,13.3,NA,NA,3,NA,NA
Eudromia_elegans_NC002772,Eudromia elegans,Eudromia elegans,678,NA,NA,7,2,14
Eudynamis_taitensis_NC011709,Eudynamys taitensis,Urodynamis taitensis,117,NA,NA,1,NA,NA
Eudyptes_chrysocome_NC008138,Eudyptes chrysocome,Eudyptes chrysocome,2470,NA,NA,2,1,2
Eudyptula_minor_NC004538,Eudyptula minor,Eudyptula minor,1157.296,25,726.936,2,1.5,3
Eulabeornis_castaneoventris_NC025501,Eulabeornis castaneoventris,Eulabeornis castaneoventris,653.4,NA,NA,4.5,NA,NA
Euphagus_cyanocephalus_NC018827,Euphagus cyanocephalus,Euphagus cyanocephalus,62.65,12.5,365,5,1.5,7.5
Eurystomus_orientalis_NC_011716,Eurystomus orientalis,Eurystomus orientalis,148.3833,NA,NA,3.5,NA,NA
Falco_cherrug_NC026715,Falco cherrug,Falco cherrug,995,25,726.936,4,1,4
Falco_columbarius_NC025579,Falco columbarius,Falco columbarius,187.575,16,545.202,4.5,1,4.5
Falco_peregrinus_NC008878,Falco peregrinus,Falco peregrinus,827.25,25,726.936,3.5,1,3.5
Falco_sparverius_NC008547,Falco sparverius,Falco sparverius,115.5,17,365,4.6,1.25,5.75
Falco_tinnunculus_NC011307,Falco tinnunculus,Falco tinnunculus,204.75,23.834,365,4.5,1,4.5
Ficedula_albicollis_NC021621,Ficedula albicollis,Ficedula albicollis,12.55,9.833333,364.234,6,1,6
Ficedula_zanthopygia_NC015802,Ficedula zanthopygia,Ficedula zanthopygia,13.1,NA,NA,5.7,NA,NA
Forpus_modestus_HM755882,Forpus modestus,Forpus modestus,27.2,NA,NA,NA,NA,NA
Francolinus_pintedianus_NC011817,Francolinus pintadeanus,Francolinus pintadeanus,354.25,NA,NA,5,NA,NA
Fratercula_arctica,Fratercula arctica,Fratercula arctica,437.9167,40.83333,1460,1,1,1
Fregatta_sp_AP009192,Fregatta sp,NA,NA,NA,NA,NA,NA,NA
Fringilla_coelebs_frin690,Fringilla coelebs,Fringilla coelebs,22.625,29,364.234,4.5,1,4.5
Fringilla_coelebs_Lerner,Fringilla coelebs,Fringilla coelebs,22.625,29,364.234,4.5,1,4.5
Fringilla_montifringilla_AHNU_A0112,Fringilla montifringilla,Fringilla montifringilla,22.925,14.8,364.234,5.9,1,5.9
Fringilla_morel4007,Fringilla morel4007,NA,NA,NA,NA,NA,NA,NA
Fringilla_palma3934,Fringilla palma3934,NA,NA,NA,NA,NA,NA,NA
Fringilla_spodio368,Fringilla spodio368,NA,NA,NA,NA,NA,NA,NA
Fulica_atra_NC025500,Fulica atra,Fulica atra,775,32.3,365,7.6,1.5,11.4
Gallicolumba_luzonica_HM746790,Gallicolumba luzonica,Gallicolumba luzonica,196,NA,NA,2,NA,NA
Gallinula_chloropus_NC015236,Gallinula chloropus,Gallinula chloropus,377,18.6,364.234,7,2,14
Gallirallus_australis_KF701060,Gallirallus australis,Gallirallus australis,893.5,13.8,363.468,2.890196,1.5,4.335294
Gallirallus_okinanawae_NC012140,Gallirallus okinawae,Gallirallus okinawae,433.75,NA,NA,2.5,NA,NA
Gallirallus_philippensis,Gallirallus philippensis,Gallirallus philippensis,208.75,NA,365,5.7,2,11.4
Gallus_bankiva_NC007237,Gallus bankiva,Gallus gallus,912.5,30,NA,6,1,6
Gallus_gallus_NC001323,Gallus gallus,Gallus gallus,912.5,30,197.7083333,6,1,6
Gallus_lafayetii_NC007239,Gallus lafayetii,Gallus lafayettii,766.5,NA,NA,2.5,1,2.5
Gallus_sonneratii_NC007240,Gallus sonneratii,Gallus sonneratii,855.5,NA,NA,4.5,1,4.5
Gallus_varius_NC007238,Gallus varius,Gallus varius,781.25,NA,NA,3.5,1,3.5
Garrulax_canorus_NC020429,Garrulax canorus,Garrulax canorus,65.95,NA,NA,3.2,NA,NA
Garrulax_cineraceus_NC_024553,Garrulax cineraceus,Garrulax cineraceus,49,NA,NA,2.4,NA,NA
Garrulax_perspicillatus,Garrulax perspicillatus,Garrulax perspicillatus,118,NA,NA,3.2,NA,NA
Garrulus_glandarius_NC015810,Garrulus glandarius,Garrulus glandarius,160.85,17.91667,364.234,5,1,5
Gavia_pacifica_NC008139,Gavia pacifica,Gavia pacifica,2665,28,1001.835,1.95,1.5,2.925
Gavia_stellata_NC007007,Gavia stellata,Gavia stellata,1603,24,1001.835,2,1,2
Geococcyx_californianus_NC011711,Geococcyx californianus,Geococcyx californianus,376,9,365,4,1.5,6
Geopelia_striata_HM746791,Geopelia striata,Geopelia striata,51.875,14,NA,2,NA,NA
Geospiza_fortis_KM891730,Geospiza fortis,Geospiza fortis,24,NA,365.25,4,NA,NA
Geotrygon_violacea_HM640213,Geotrygon violacea,Geotrygon violacea,96,NA,NA,2,NA,NA
Gnorimopsar_chopi_NC018795,Gnorimopsar chopi,Gnorimopsar chopi,66.45,NA,NA,4,NA,NA
Gracula_religiosa_NC015898,Gracula religiosa,Gracula religiosa,193.5,NA,NA,1.7,3,5.1
Grus_americana_NC020576,Grus americana,Grus americana,6850,40,1638.67,2,1,2
Grus_antigone_NC021581,Grus antigone,Grus antigone,7150,41.8,1817.34,1.95,1,1.95
Grus_canadensis_NC021582,Grus canadensis,Grus canadensis,4170,36.58333,1095,2,1,2
Grus_carunculatus_NC020571,Grus carunculatus,Grus carunculata,8285,NA,2008.875,1.75,1,1.75
Grus_grus_NC020577,Grus grus,Grus grus,5500,43,1825,2,1,2
Grus_japonensis_NC020575,Grus japonensis,Grus japonensis,8500,40,1183.569,2,1,2
Grus_leucogeranus_NC020574,Grus leucogeranus,Grus leucogeranus,5724.75,39.4,2180.808,2,1,2
Grus_monacha_NC020578,Grus monacha,Grus monacha,3702.5,40,1040,2,1,2
Grus_nigricollis_NC020579,Grus nigricollis,Grus nigricollis,6000,30,NA,2,1,2
Grus_paradisea_FJ769844,Grus paradisea,Grus paradisea,4341.75,25,1635.606,2,1,2
Grus_rubicunda_NC020580,Grus rubicunda,Grus rubicunda,6250.5,65,1363.005,2,1,2
Grus_vipio_NC021368,Grus vipio,Grus vipio,5031.5,45,1095,2,1,2
Grus_virgo_FJ769845,Grus virgo,Grus virgo,2400,67,730,2,1,2
Gymnomystax_mexicanus_NC018812,Gymnomystax mexicanus,Gymnomystax mexicanus,98,NA,NA,3,NA,NA
Haematopus_ater_NC003713,Haematopus ater,Haematopus ater,717.5,17,1095,2,NA,NA
Halcyon_pileata_NC024198,Halcyon pileata,Halcyon pileata,86,8,NA,4.5,1,4.5
Halcyon_sancta_NC011712,Halcyon sancta,Todiramphus sanctus,53.95,8.083333,NA,4.635,2,9.27
Heliornis_fulica_NC025499,Heliornis fulica,Heliornis fulica,132,NA,NA,2.2,NA,NA
Hemignathus_flavus,Hemignathus flavus,Chlorodrepanis flava,13.025,NA,NA,NA,NA,NA
Hemignathus_munroi,Hemignathus munroi,Hemignathus wilsoni,28,13,365,1,1,1
Hemignathus_parva,Hemignathus parva,Magumma parva,9.75,9.5,365,3,1,3
Hemignathus_stejnegeri,Hemignathus stejnegeri,Akialoa stejnegeri,NA,NA,NA,NA,NA,NA
Hemignathus_virens,Hemignathus virens,Chlorodrepanis virens,13.35,12,NA,2.5,1.5,3.75
Hemignathus_wilsoni,Hemignathus wilsoni,Hemignathus wilsoni,28,13,365,1,1,1
Hemiphaga_novaeseelandiae_NC013244,Hemiphaga novaeseelandiae,Hemiphaga novaeseelandiae,652.5,NA,NA,1,NA,NA
Henicorhina_leucosticta_KJ746107,Henicorhina leucosticta,Henicorhina leucosticta,14.8,NA,NA,2,NA,NA
Himantopus_mexicanus,Himantopus mexicanus,Himantopus mexicanus,169,19.1,545.968,4,1,4
Himatione_sanguinea,Himatione sanguinea,Himatione sanguinea,14.4,11,NA,3,1,3
Hirundo_rustica_KP148840,Hirundo rustica,Hirundo rustica,19,16,365,4.495,1.8,8.091
Hyliota_flavigaster,Hyliota flavigaster,Hyliota flavigaster,12.625,NA,NA,2,NA,NA
Icterus_mesomelas_JX516068,Icterus mesomelas,Icterus mesomelas,40,NA,NA,3,NA,NA
Ithaginis_cruentus_NC018033,Ithaginis cruentus,Ithaginis cruentus,525,NA,NA,6.75,1,6.75
Ixobrychus_cinnamomeus_NC015077,Ixobrychus cinnamomeus,Ixobrychus cinnamomeus,127,6.9,730,4,NA,NA
Ixobrychus_eurhythmus_NC025924,Ixobrychus eurhythmus,Ixobrychus eurhythmus,142.25,6.9,730,4,NA,NA
Ixobrychus_sinensis_NC025925,Ixobrychus sinensis,Ixobrychus sinensis,94.3,NA,NA,4,2.5,10
Jacana_jacana_NC024069,Jacana jacana,Jacana jacana,120.85,NA,NA,4,NA,NA
Jacana_spinosa_NC024068,Jacana spinosa,Jacana spinosa,116.15,NA,730,4,2,8
Lampropsar_tanagrinus_JX516057,Lampropsar tanagrinus,Lampropsar tanagrinus,57.3,NA,NA,3,NA,NA
Lanius_tephronotus_NC021105,Lanius tephronotus,Lanius tephronotus,49.1,NA,363.468,4.9,2,9.8
Larus_brunnicephalus_NC018548,Larus brunnicephalus,Chroicocephalus brunnicephalus,585,31.85,1460,3,NA,NA
Larus_crassirostris_NC025556,Larus crassirostris,Larus crassirostris,558.75,31.85,1460,2.5,NA,NA
Larus_dominicanus_NC007006,Larus dominicanus,Larus dominicanus,989,31.85,1460,2.35,1,2.35
Larus_relictus_NC023777,Larus relictus,Ichthyaetus relictus,391.5,22.08333,1095,2.7,NA,NA
Larus_saundersi_NC017601,Larus saundersi,Chroicocephalus saundersi,196.5,NA,NA,3,NA,NA
Leiothrix_argentauris_NC015114,Leiothrix argentauris,Leiothrix argentauris,28.4,5.25,NA,4,NA,NA
Leiothrix_lutea_NC020427,Leiothrix lutea,Leiothrix lutea,21.5,15,NA,2.82,1,2.82
leptotila_verreauxi_HM640214,Leptotila verreauxi,Leptotila verreauxi,147.5,8.6,NA,2,1,2
Leucosticte_arctoa,Leucosticte arctoa,Leucosticte arctoa,29.825,6.6,363.468,4.5,1,4.5
Leucosticte_brandti,Leucosticte brandti,Leucosticte brandti,30.25,6.6,365,3.5,NA,NA
Lewinia_muelleri_NC_025502,Lewinia muelleri,Lewinia muelleri,93.75,NA,NA,2,NA,NA
Lophophorus_lhuysii_NC013979,Lophophorus lhuysii,Lophophorus lhuysii,3008,NA,730,3.9,NA,NA
Lophophorus_sclateri_NC_020589,Lophophorus sclateri,Lophophorus sclateri,2348.25,NA,NA,5.5,NA,NA
Lophura_ignita_NC010781,Lophura ignita,Lophura ignita,2155,NA,NA,5.85,NA,NA
Lophura_nycthemera_NC012895,Lophura nycthemera,Lophura nycthemera,1250,NA,365,6.75,1,6.75
Lophura_swinhooi_NC023779,Lophura swinhooi,Lophura swinhoii,1100,NA,NA,5.85,NA,NA
Loxia_curvirostra,Loxia curvirostra,Loxia curvirostra,39.5,16.1,364.234,3.4,1.75,5.95
Loxops_caeruleirostris,Loxops caeruleirostris,Loxops caeruleirostris,10.95,NA,NA,2,NA,NA
Loxops_coccineus_NC025612,Loxops coccineus,Loxops coccineus,10.5,10,365,1.575,1,1.575
Luscinia_calliope_NC015074,Luscinia calliope,Calliope calliope,21.15,NA,NA,5,1,5
Luscinia_cyanura,Luscinia cyanura,Tarsiger cyanurus,14,10.9,363.468,5.9,2,11.8
Lyrurus_tetrix_NC024554,Lyrurus tetrix,Lyrurus tetrix,1084.75,12.25,455.101,8,1,8
Macroagelaius_imthurni_NC018810,Macroagelaius imthurni,Macroagelaius imthurni,77.1,NA,NA,NA,NA,NA
Malurus_melanocephalus,Malurus melanocephalus,Malurus melanocephalus,7.9,10.4,365,3.5,NA,NA
Melamprosops_phaesoma,Melamprosops phaeosoma,Melamprosops phaeosoma,25.5,9.25,NA,1.5,NA,NA
Meleagris_gallopavo_NC010195,Meleagris gallopavo,Meleagris gallopavo,5811,13,304,11,1,11
Melopsittacus_undulatus_NC009134,Melopsittacus undulatus,Melopsittacus undulatus,29.05,21,180,5,NA,NA
Menura_novaehollandiae_NC007883,Menura novaehollandiae,Menura novaehollandiae,979.95,26,2372.5,1,1,1
Micrastur_gilvicollis_NC008548,Micrastur gilvicollis,Micrastur gilvicollis,212.5,NA,NA,NA,NA,NA
Mionectes_oleagineus_KJ742591,Mionectes oleagineus,Mionectes oleagineus,11.23333,NA,NA,3,NA,NA
Molothrus_aeneus_NC018806,Molothrus aeneus,Molothrus aeneus,62.9,6,365.245,1,1,1
Molothrus_badius_NC018811,Molothrus badius,Agelaioides baduis,43.5,16.9,365,NA,NA,NA
Montifringilla_adamsi,Montifringilla adamsi,Montifringilla adamsi,NA,NA,NA,4,NA,NA
Montifringilla_nivalis,Montifringilla nivalis,Montifringilla nivalis,36,NA,NA,4.5,2,9
Montifringilla_ruficollis_NC022815,Montifringilla ruficollis,Pyrgilauda ruficollis,22.8,NA,NA,NA,NA,NA
Montifringilla_taczanowskii,Montifringilla taczanowskii,NA,NA,NA,NA,NA,NA,NA
Morus_serrator_GU071056,Morus serrator,Morus serrator,2350,33,730,1,1,1
Neophoma_chrysogaster_NC019804,Neophema chrysogaster,Neophema chrysogaster,45.9,NA,NA,4.625,NA,NA
Nesopsar_nigerrimus_NC018794,Nesopsar nigerrimus,Nesopsar nigerrimus,39,NA,NA,2,NA,NA
Netta_rufina_NC024922,Netta rufina,Netta rufina,1118,8.75,365,9,1,9
Ninox_novaeseelandiae_NC005932,Ninox novaeseelandiae,Ninox novaeseelandiae,195,13,365,2.5,NA,NA
Nipponia_nippon_NC008132,Nipponia nippon,Nipponia nippon,1900,36,1095,3,1,3
Notiomystis_cincta,Notiomystis cincta,Notiomystis cincta,89.5,NA,NA,4,2,8
Nucifraga_columbiana_NC022839,Nucifraga columbiana,Nucifraga columbiana,130,17.41667,365,3,1,3
Numida_meleagris_NC006382,Numida meleagris,Numida meleagris,1375,NA,NA,8.75,1,8.75
Nyctibius_grandis_EU344977,Nyctibius grandis,Nyctibius grandis,546,NA,NA,1,NA,NA
Nyctibius_griseus_HM746792,Nyctibius griseus,Nyctibius griseus,172.5,NA,NA,1,1,1
Nycticorax_nycticorax_NC015807,Nycticorax nycticorax,Nycticorax nycticorax,800,21.1,365,4,1,4
Nycticryphes_semicollaris,Nycticryphes semicollaris,Nycticryphes semicollaris,76.6,NA,NA,2,NA,NA
Nymphicus_hollandicus_HM640215,Nymphicus hollandicus,Nymphicus hollandicus,90,36,455.694,4.5,1,4.5
Oedistoma_iliolophum,Oedistoma iliolophum,Oedistoma iliolophus,11,NA,NA,1,NA,NA
Oreomystis_bairdi,Oreomystis bairdi,Oreomystis bairdi,14.5,NA,NA,NA,2,NA
Oreomystis_mana,Oreomystis mana,Manucerthia mana,14.425,NA,NA,NA,NA,NA
Oreopsar_bolivianus_NC018797,Oreopsar bolivianus,Agelaioides bolivianus,72.95,NA,NA,3,NA,NA
Oriolus_chinensis_NC020424,Oriolus chinensis,Oriolus chinensis,82.6,15.15,365,2.75,1,2.75
Otis_tarda_NC014046,Otis tarda,Otis tarda,7895.5,28.3,1635.606,2.5,1,2.5
Pandion_haliaetus_NC008550,Pandion haliaetus,Pandion haliaetus,1527.5,32,1092.702,3,1,3
Paradoxornis_webbianus_KF725775,Paradoxornis webbianus,Sinosuthora webbiana,10.9,NA,NA,5,2,10
Paroreomyza_montana,Paroreomyza montana,Paroreomyza montana,13.15,NA,608,2,NA,NA
Parus_major_NC_026293,Parus major,Parus major,18,15.417,365,8.6,1.5,12.9
Parus_venustulus_NC_026701,Parus venustulus,Pardaliparus venustulus,11.625,NA,NA,5.9,NA,NA
Passer_domesticus,Passer domesticus,Passer domesticus,27.7,23,182.625,4.35,3.25,14.1375
Passer_montanus_JX486030,Passer montanus,Passer montanus,22.05,13.1,341.234,5,2.5,12.5
Pavo_cristatus_NC024533,Pavo cristatus,Pavo cristatus,4093.75,25,730,5,1,5
Pavo_muticus_NC012897,Pavo muticus,Pavo muticus,4256.25,8,1453.872,4.75,NA,NA
Pedionomus_torquatus,Pedionomus torquatus,Pedionomus torquatus,67.8,NA,365,4,NA,NA
Pelagodroma_marina_KC875856,Pelagodroma marina,Pelagodroma marina,47.2,21,1095,1,1,1
Pelecanus_conspicillatus_DQ780883,Pelecanus conspicillatus,Pelecanus conspicillatus,5452.5,50,1278.375,2,NA,NA
Penelopides_panini_HQ834451,Penelopides panini,Penelopides panini,472,NA,NA,2.4,NA,NA
Perdix_dauurica_NC020588,Perdix dauurica,Perdix dauurica,270,5.2,365,18.5,1,18.5
Perdix_hodgsoniae_NC023940,Perdix hodgsoniae,Perdix hodgsoniae,372,5.2,365,9,NA,NA
Pericrocotus_ethologus_NC024257,Pericrocotus ethologus,Pericrocotus ethologus,19,NA,NA,3.5,NA,NA
Periparus_ater,Periparus ater,Periparus ater,9.275,9.5,364.234,5.7,1.5,8.55
Petroica_boodang_NC019666,Petroica boodang,Petroica boodang,12.1,10,NA,3.25,3,9.75
Petroica_goodenovii_NC019667,Petroica goodenovii,Petroica goodenovii,8.875,5,NA,2.45,4,9.8
Petroica_phoenicea_NC019668,Petroica phoenicea,Petroica phoenicea,13,9,NA,3.25,3,9.75
Phaeton_rubricauda_NC007979,Phaethon Rubricauda,Phaethon rubricauda,645,32.7,1460,1,1,1
Phalacrocorax_chalconotus_NC014679,Phalacrocorax chalconotus,Leucocarbo chalconotus,2382.65,20.25,730,2.5,NA,NA
Phasianus_colchicus_NC015526,Phasianus colchicus,Phasianus colchicus,1043.75,27,240,11,1,11
Phasianus_versicolor_NC010778,Phasianus versicolor,Phasianus versicolor,1000,27,240,11,1,11
Phodilus_badius_NC_023787,Phodilus badius,Phodilus badius,281.5,NA,NA,3.5,NA,NA
Phoebastria_albatrus_NC026190,Phoebastria albatrus,Phoebastria albatrus,4205.5,25,NA,1,NA,NA
Phoebastria_immutabilis_NC026189,Phoebastria immutabilis,Phoebastria immutabilis,3050,62,3141.075,1,0.9003759,0.9003759
Phoebastria_nigripes_NC026188,Phoebastria nigripes,Phoebastria nigripes,3195,42.1,3287.25,1,0.8931034,0.8931034
Phoenicopterus_roseus_NC010089,Phoenicopterus roseus,Phoenicopterus roseus,3043.5,83,1825,1,1.5,1.5
Phoenicurus_auroreus,Phoenicurus auroreus,Phoenicurus auroreus,15.5,10.2,365,4.5,2,9
Phylloscopus_inornatus_KF742677,Phylloscopus inornatus,Phylloscopus inornatus,6.7625,NA,365,5.09,1,5.09
Pica_pica_NC015200,Pica pica,Pica pica,213.375,21.7,637.601,6,1,6
Picathartes_gymnocephalus,Picathartes gymnocephalus,Picathartes gymnocephalus,196,NA,NA,2,NA,NA
Pinicola_enucleator,Pinicola enucleator,Pinicola enucleator,57,9.8,363.468,3.8,1,3.8
Pitta_nympha_NC_027067,Pitta nympha,Pitta nympha,109,NA,NA,4.9,NA,NA
Platalea_leucorodia_NC012772,Platalea leucorodia,Platalea leucorodia,1868,30.1,1095,3.5,1,3.5
Platalea_minor_NC010962,Platalea minor,Platalea minor,1228,15,NA,5,1,5
Pluvianellus_socialis,Pluvianellus socialis,Pluvianellus socialis,84.275,NA,NA,2,NA,NA
Podiceps_cristatus_NC008140,Podiceps cristatus,Podiceps cristatus,739,19.25,728.468,3.77,1.5,5.655
Podoces_hendersoni_NC014879,Podoces hendersoni,Podoces hendersoni,121.5,NA,NA,3.5,NA,NA
Poecile_atricapilla,Poecile atricapillus,Poecile atricapillus,10.8,12.41667,271.734,6.95,1,6.95
Poecile_palustris_NC_026911,Poecile palustris,Poecile palustris,11.35,11.91667,364.234,8,1,8
Polyplectron_bicalcaratum_NC012900,Polyplectron bicalcaratum,Polyplectron bicalcaratum,685,NA,NA,2,NA,NA
Polyplectron_germaini_NC023264,Polyplectron germaini,Polyplectron germaini,510,NA,NA,1.4,NA,NA
Polyplectron_napoleonis_KJ939353,Polyplectron napoleonis,Polyplectron napoleonis,436,15,730,2,NA,NA
Porphyrio_hochstetteri_NC010092,Porphyrio hochstetteri,Porphyrio hochstetteri,2472.75,12,363.468,2,1.5,3
Porphyrio_porphyrio_NC025508,Porphyrio porphyrio,Porphyrio porphyrio,850,22,547.5,4,1.5,6
Primolius_couloni_NC025742,Primolius couloni,Primolius couloni,250.25,31,NA,NA,NA,NA
Procellaria_cinerea_AP009191,Procellaria cinerea,Procellaria cinerea,1131,17,2556.75,1,0.9044118,0.9044118
Progne_chalybea_NC020605,Progne chalybea,Progne chalybea,41.65,NA,NA,3.2,NA,NA
Pseudoleistes_guirahuro_NC018809,Pseudoleistes guirahuro,Pseudoleistes guirahuro,86.55,NA,NA,4.5,NA,NA
Pseudoleistes_virescens_NC018805,Pseudoleistes virescens,Pseudoleistes virescens,79.95,NA,NA,4.5,NA,NA
Pseudonestor_xanthophrys,Pseudonestor xanthophrys,Pseudonestor xanthophrys,22.25,NA,NA,1.5,NA,NA
Pseudopodoces_humilisreal,Pseudopodoces humilis,Pseudopodoces humilis,46.75,NA,NA,5,NA,NA
Pterocles_namaquaa,Pterocles namaqua,Pterocles namaqua,176.5,NA,NA,3,1,3
Pterocnemia_pennata_NC002783,Pterocnemia pennata,Rhea pennata,21500,NA,NA,16.69984,1,16.69984
Pterodroma_brevirostris_NC007174,Pterodroma brevirostris,Aphrodroma brevirostris,355,16.55,NA,1,1,1
Pteroglossus_azara_NC008549,Pteroglossus azara,Pteroglossus azara,153.25,NA,NA,2.9,NA,NA
Ptilopachus_petrosus_NC024616,Ptilopachus petrosus,Ptilopachus petrosus,191.25,NA,NA,5,NA,NA
Pucrasia_macrolopha_NC020587,Pucrasia macrolopha,Pucrasia macrolopha,1177.5,NA,363.468,6,1,6
Pycnonotus_melanicterus_KJ186975,Pycnonotus melanicterus,NA,NA,NA,NA,2.5,2,5
Pycnonotus_sinensis_NC013838,Pycnonotus sinensis,Pycnonotus sinensis,36.1,9.95,NA,4,3.5,14
Pycnonotus_taivanus_NC013483,Pycnonotus taivanus,Pycnonotus taivanus,26.5,9.95,NA,3.5,2,7
Pygoscelis_adeliae_GQ925791,Pygoscelis adeliae,Pygoscelis adeliae,4850,18,1366.569,2,1,2
Pygoscelis_antarcticus_NC021474,Pygoscelis antarcticus,Pygoscelis antarcticus,4104.5,NA,1272.138,2,1,2
Pyrgilauda_blanfordi,Pyrgilauda blanfordi,Pyrgilauda blanfordi,NA,NA,NA,NA,NA,NA
Pyrgilauda_davidiana,Pyrgilauda davidiana,Pyrgilauda davidiana,21.85,NA,NA,5.5,NA,NA
Pyrrhocorax_graculus,Pyrrhocorax graculus,Pyrrhocorax graculus,223.5,24.4,1095,4.1,1,4.1
Pyrrhocorax_pyrrhocorax,Pyrrhocorax pyrrhocorax,Pyrrhocorax pyrrhocorax,247.75,24.4,912.5,4,1,4
Pyrrhula_pyrrhula,Pyrrhula pyrrhula,Pyrrhula pyrrhula,25.7,17.5,364.234,4.5,1.5,6.75
Quiscalus_quiscula_NC018803,Quiscalus quiscula,Quiscalus quiscula,111,23.1,365,5,1,5
Rallina_eurizonoides_NC012142,Rallina eurizonoides,Rallina eurizonoides,108.5,NA,NA,5.85,NA,NA
Regulus_regulus,Regulus regulus,Regulus regulus,5.6,7,364.234,8.5,1.75,14.875
Remiz_consobrinus_NC021641,Remiz consobrinus,Remiz consobrinus,9.3,7,365,3.7,NA,NA
Rhea_americana_NC000846,Rhea americana,Rhea americana,23000,50,576.468,23.71433,1,23.71433
Rhynchops_niger,Rynchops niger,Rynchops niger,299.5,20.25,910.202,3.75,1,3.75
Rhynchopsitta_terrisi_NC021771,Rhynchopsitta terrisi,Rhynchopsitta terrisi,436,33,730,NA,NA,NA
Rhynchortyx_cinctus,Rhynchortyx cinctus,Rhynchortyx cinctus,157.5,NA,NA,NA,NA,NA
Rhynochetos_jubatus_NC010091,Rhynochetos jubatus,Rhynochetos jubatus,860,31,726.936,1,NA,NA
Rissa_tridactyla,Rissa tridactyla,Rissa tridactyla,407.75,28.5,1643.125,2,1,2
Sagittarius_serpentarius_NC023788,Sagittarius serpentarius,Sagittarius serpentarius,3900,18.6,NA,2,1.25,2.5
Sasia_ochracea,Sasia ochracea,Sasia ochracea,10.1,NA,NA,3,NA,NA
Saxicola_rubicola_AV7,Saxicola rubicola,Saxicola rubicola,14.5,8.833333,365,5.16,2,10.32
Saxicola_torquata_AV6,Saxicola torquata,Saxicola torquatus,14.7,8.833333,365,5.16,2,10.32
Scolopax_rusticola_NC025521,Scolopax rusticola,Scolopax rusticola,309.5,20.75,455.101,4,1.5,6
Scytalopus_magellanicus,Scytalopus magellanicus,Scytalopus magellanicus,13,NA,NA,2.4,NA,NA
Serinus_albogularis,Serinus albogularis,Crithagra albogularis,25.3,NA,365,3.05,NA,NA
Serinus_canarius,Serinus canaria,Serinus canaria,21,24,NA,3.81,2,7.62
Serinus_dorsostriatus_KM078798,Serinus dorsostriatus,Crithagra dorsostriata,15.7,NA,365,3,NA,NA
Sitta_carolinensis,Sitta carolinensis,Sitta carolinensis,21,9.834,364.234,8,1,8
Smithornis_sharpei_NC000879,Smithornis sharpei,Smithornis sharpei,37.5,NA,NA,2,NA,NA
Spheniscus_demersus_NC022817,Spheniscus demersus,Spheniscus demersus,3271.667,27.3,726.936,2,1.5,3
Spilornis_cheela_NC015887,Spilornis cheela,Spilornis cheela,800,NA,NA,1,2,2
Spizaetus_alboniger_NC007599,Spizaetus alboniger,Nisaetus alboniger,830,NA,NA,NA,NA,NA
Spizaetus_nipalensis_NC_007598,Spizaetus nipalensis,Nisaetus nipalensis,3000,NA,NA,1,NA,NA
Stercorarius_maccormicki_NC026125,Stercorarius maccormicki,Stercorarius maccormicki,1382.5,34.5,1822.686,2,1,2
Sterna_eurygnatha,Sterna eurygnatha,Thalasseus acuflavidus,208,30.8,910.968,1.21,1,1.21
Streptopelia_chinensis_KP636801,Streptopelia chinensis,Spilopelia chinensis,159,9.8,NA,2,NA,NA
Strigops_habroptilus_NC005931,Strigops habroptila,Strigops habroptila,1750,60,3650,2.35,0.333,0.78255
Struthio_camelus_NC_002785,Struthio camelus,Struthio camelus,109250,50,999.537,8.666667,1.25,10.83333375
Sturnus_cineraceus_NC_015237,Sturnus cineraceus,Spodiopsar cineraceus,82.25,NA,NA,3.2,NA,NA
Sturnus_nigricollis_NC020423,Sturnus nigricollis,Gracupica nigricollis,157,NA,NA,3.9,NA,NA
Sturnus_sericeus_NC014455,Sturnus sericeus,NA,NA,NA,NA,NA,NA,NA
Sula_dactylatra_KC875857,Sula dactylatra,Sula dactylatra,1902,25.5,1461,2,1,2
Sylvia_atricapilla_NC010228,Sylvia atricapilla,Sylvia atricapilla,18.325,15,364.234,4.5,2,9
Sylvia_crassirostris_NC010229,Sylvia crassirostris,Sylvia crassirostris,22.375,NA,NA,4.2,1.5,6.3
Sylviparus_modestus_NC_026793,Sylviparus modestus,Sylviparus modestus,8.125,NA,NA,5,NA,NA
Synthliboramphus_antiquus_NC007978,Synthliboramphus antiquus,Synthliboramphus antiquus,206,15,1095.75,2,1,2
Syrmaticus_ellioti_NC010771,Syrmaticus ellioti,Syrmaticus ellioti,1156,NA,NA,7,NA,NA
Syrmaticus_humiae_NC010774,Syrmaticus humiae,Syrmaticus humiae,1048.75,NA,NA,8.25,NA,NA
Syrmaticus_ijimae_NC010767,Syrmaticus iljimae,Syrmaticus soemmerringii,907,NA,NA,7,NA,NA
Syrmaticus_reevesii_NC010770,Syrmaticus reevesii,Syrmaticus reevesii,1239,9.2,NA,9.5,1,9.5
Tachycinera_bicolor_NC020596,Tachycineta bicolor,Tachycineta bicolor,20.8,12.1,365,5,1,5
Tachycineta_albilinea_NC020601,Tachycineta albilinea,Tachycineta albilinea,16.6,NA,NA,3.95,2,7.9
Tachycineta_albiventer_NC020602,Tachycineta albiventer,Tachycineta albiventer,17.5,NA,NA,4.35,NA,NA
Tachycineta_cyaneoviridis_NC020599,Tachycineta cyaneoviridis,Tachycineta cyaneoviridis,17.7,NA,NA,3,1,3
Tachycineta_euchrysea_NC020598,Tachycineta euchrysea,Tachycineta euchrysea,NA,NA,NA,3,NA,NA
Tachycineta_leucorrhoa_NC020603,Tachycineta leucorrhoa,Tachycineta leucorrhoa,15.45,NA,NA,5.3,NA,NA
Tachycineta_meyeni_NC020604,Tachycineta meyeni,Tachycineta leucopyga,14.95,NA,NA,4.2,3,12.6
Tachycineta_stolzmanni_NC020600,Tachycineta stolzmanni,Tachycineta stolzmanni,16.5,NA,NA,3.95,NA,NA
Tachycineta_thalassina_NC020597,Tachycineta thalassina,Tachycineta thalassina,14.15,9.083333,363.468,4.5,1,4.5
Tachypatpus_novaehollandiae_NC010095,Tachybaptus novaehollandiae,Tachybaptus novaehollandiae,219,17.5,365,4.1,3,12.3
Tadorna_ferruginea_NC_024640,Tadorna ferruginea,Tadorna ferruginea,1240,NA,726.936,8.5,1,8.5
Taeniopygia_guttata_NC_007897,Taeniopygia guttata,Taeniopygia guttata,11.93333,14.5,60,4.5,2,9
Tetraogallus_tibetanus_NC023939,Tetraogallus tibetanus,Tetraogallus tibetanus,1625,NA,NA,6,NA,NA
Tetraophasis_obscurus_NC018034,Tetraophasis obscurus,Tetraophasis obscurus,938,NA,NA,NA,NA,NA
Tetraophasis_szechenyii_NC020613,Tetraophasis szechenyii,Tetraophasis szechenyii,1260,NA,NA,NA,1,NA
Tetrastes_sewerzowi_NC025318,Tetrastes sewerzowi,Tetrastes sewerzowi,267.5,7.2,NA,6.65,NA,NA
Thamnophilus_nigrocinereus,Thamnophilus nigrocinereus,Thamnophilus nigrocinereus,30,NA,NA,2,NA,NA
Thraupis_episcopus,Thraupis episcopus,Thraupis episcopus,35,9.5,NA,2,2,4
Threskiornis_aethiopicus_NC013146,Threskiornis aethiopicus,Threskiornis aethiopicus,1530,37,1090.404,2.24,1,2.24
Tragopan_caboti_NC013619,Tragopan caboti,Tragopan caboti,1250,NA,NA,4,NA,NA
Tragopan_temminckii_NC020586,Tragopan temminckii,Tragopan temminckii,1404.5,NA,NA,4,NA,NA
Tregellasia_leucops,Tregellasia leucops,Tregellasia leucops,15.975,9,NA,1.7,NA,NA
Trogon_viridis_NC011714,Trogon viridis,Trogon viridis,87.1,NA,NA,2.5,NA,NA
Turdus_hortulorum,Turdus hortulorum,Turdus hortulorum,66.7,NA,NA,4.25,2,8.5
Turdus_migratorius,Turdus migratorius,Turdus migratorius,78.78333,17,364.234,3.43,2.5,8.575
Turdus_naumanni_KJ834096,Turdus naumanni,Turdus naumanni,78.5,NA,NA,4,NA,NA
Turnix_sylvatica,Turnix sylvaticus,Turnix sylvaticus,46.35,NA,363.468,4,2,8
Turtur_tympanistria_HM746793,Turtur tympanistria,Turtur tympanistria,69.15,7,NA,2,NA,NA
Tyto_alba_EU410491,Tyto alba,Tyto alba,381.6,34,365,5.15,1.75,9.0125
Uragus_sibiricus,Uragus sibiricus,Carpodacus sibiricus,17,NA,NA,4.5,1,4.5
Urocissa_erythrorhyncha_NC020426,Urocissa erythrorhyncha,Urocissa erythroryncha,166.25,NA,NA,4,NA,NA
Vanellus_cinereus_KM873665,Vanellus cinereus,Vanellus cinereus,270,NA,NA,4,NA,NA
Vanellus_vanellus_NC025637,Vanellus vanellus,Vanellus vanellus,218,24.5,728.468,4,1,4
Vestiaria_coccinea,Vestiaria coccinea,Drepanis coccinea,17.5,8.8,NA,2,NA,NA
Vidua_chalybeata_NC000880,Vidua chalybeata,Vidua chalybeata,12.425,10,365,3,8,24
Vireo_olivaceus,Vireo olivaceus,Vireo olivaceus,16.85,10.2,365,3.7,1.5,5.55
Xanthopsa_flavus_NC_018804,Xanthopsar flavus,Xanthopsar flavus,43,NA,NA,4,1,4
Zenaida_auriculata_HM640211,Zenaida auriculata,Zenaida auriculata,110.75,28.15,227.5,2,NA,NA