matched_name,species,X,Tips,Order,Familly,Genus,Mass,Longevity_Species,SexMatF_Species
Accipiter gentilis,Accipiter gentilis,,Accipiter_gentilis_NC011818,Accipitriformes,Accipitridae,Accipiter,1024.5,22,365
Accipiter nisus,Accipiter nisus,,Accipiter_nisus_NC025580,Accipitriformes,Accipitridae,Accipiter,237.5,20.2,365
Accipiter soloensis,Accipiter soloensis,,Accipiter_soloensis_KJ680303,Accipitriformes,Accipitridae,Accipiter,165.5,NA,NA
Accipiter virgatus,Accipiter virgatus,,Accipiter_virgatus_KP336714,Accipitriformes,Accipitridae,Accipiter,121.5,NA,NA
Acridotheres cristatellus,Acridotheres cristatellus,,Acridotheres_cristatellus_NC015613,Passeriformes,Sturnidae,Acridotheres,110,13,NA
Acridotheres tristis,Acridotheres tristis,,Acridotheres_tristis_NC_015195,Passeriformes,Sturnidae,Acridotheres,116,NA,NA
Acryllium vulturinum,Acryllium vulturinum,,Acryllium_vulturinum_NC014180,Galliformes,Numididae,Acryllium,1330,NA,NA
Aegithalos bonvaloti,Aegithalos bonvaloti,,Aegithalos_bonvaloti_KF951087,Passeriformes,Aegithalidae,Aegithalos,NA,NA,NA
Aegithalos caudatus,Aegithalos caudatus,,Aegithalos_caudatus_KF951088,Passeriformes,Aegithalidae,Aegithalos,8.6,11.1,365
Aegithalos fuliginosus,Aegithalos fuliginosus,,Aegithalos_fuliginosus_KF951086,Passeriformes,Aegithalidae,Aegithalos,6,NA,NA
Aegithalos glaucogularis,Aegithalos glaucogularis,,Aegithalos_glaucogularis_KF951089,Passeriformes,Aegithalidae,Aegithalos,NA,NA,NA
Aegypius monachus,Aegypius monachus,,Aegypius_monachus_NC022957,Accipitriformes,,Aegypius,9625,39,NA
Agapornis roseicollis,Agapornis roseicollis,,Agapornis_roseicollis_NC011708,Psittaciformes,,Agapornis,54.5,16.3,150
Agelaioides badius,Molothrus badius,,Molothrus_badius_NC018811,Passeriformes,Icteridae,Molothrus,45.3,16.9,365
Agelasticus cyanopus,Chrysomus cyanopus,,Chrysomus_cyanopus_NC018813,Galliformes,,Chrysomus,37.6,NA,NA
Agelasticus xanthophthalmus,Chrysomus xanthophthalmus,,Chrysomus_xanthophthalmus_NC018798,Galliformes,,Chrysomus,45.1,NA,NA
Aix galericulata,Aix galericulata,,Aix_galericulata_NC023969,Anseriformes,,Aix,570,10.4,365
Akialoa stejnegeri,Hemignathus stejnegeri,,Hemignathus_stejnegeri,Passeriformes,,Hemignathus,NA,NA,NA
Alauda arvensis,Alauda arvensis,,Alauda_arvensis_JQ322641,Passeriformes,Alaudidae,Alauda,39.95,10.1,365
Amaurornis phoenicurus,Amaurornis phoenicurus,,Amaurornis_phoenicurus_NC024593,Gruiformes,Rallidae,Amaurornis,180,NA,NA
Amazilia versicolor,Amazilia versicolor,,Amazilia_versicolor_NC024156,Psittaciformes,,Amazilia,4.65,8.65,NA
Amazona barbadensis,Amazona barbadensis,,Amazona_barbadensis_JX524615,Psittaciformes,,Amazona,270,29,NA
Amblyramphus holosericeus,Amblyramphus holosericeus,,Amblyramphus_holosericeus_NC018802,Passeriformes,Icteridae,Amblyramphus,63.7,NA,NA
Anas platyrhynchos,Anas platyrhynchos,,Anas_platyrhynchos_NC009684,Anseriformes,,Anas,1082,29.1,365
Anas poecilorhyncha,Anas poecilorhyncha,,Anas_poecilorhyncha_NC022418,Anseriformes,,Anas,1010.5,NA,NA
Anhinga rufa,Anhinga rufa,,Anhinga_rufa_NC014681,Suliformes,Anhingidae,Anhinga,1315.75,16.2,730
Anomalopteryx didiformis,Anomalopteryx didiformis,,Anomalopteryx_didiformis_NC002779,Dinornithiformes,Dinornithidae,Anomalopteryx,NA,NA,NA
Anser cygnoides,Anser cygnoides,,Anser_cygnoides_NC023832,Anseriformes,,Anser,3512.5,NA,NA
Anser indicus,Anser indicus,,Anser_indicus_NC025654,Anseriformes,,Anser,2225,NA,NA
Antigone antigone,Grus antigone,,Grus_antigone_NC021581,Gruiformes,,Grus,5958.5,41.8,NA
Antigone rubicunda,Grus rubicunda,,Grus_rubicunda_NC020580,Gruiformes,,Grus,6250.5,33,NA
Aphrodroma brevirostris,Pterodroma brevirostris,,Pterodroma_brevirostris_NC007174,Procellariformes,,Pterodroma,357,16.55,NA
Apteryx haastii,Apteryx haastii,,Apteryx_hastii_NC002782,Apterygiformes,,Apteryx,1692,35,NA
Apteryx owenii,Apteryx owenii,,Apteryx_owenii_NC013806,Apterygiformes,,Apteryx,1243,35,NA
Ara glaucogularis,Ara glaucogularis,,Ara_glaucogularis_NC026029,Psittaciformes,,Ara,784,22,NA
Aratinga brevipes,Aratinga brevipes,,Aratinga_brevipes_NC021764,Psittaciformes,,Aratinga,177,21.8,NA
Arborophila ardens,Arborophila ardens,,Arborophila_ardens_NC022683,Galliformes,,Arborophila,268.5,NA,NA
Arborophila brunneopectus,Arborophila brunneopectus,,Arborophila_brunneopectus_NC022684,Galliformes,,Arborophila,292.5,NA,NA
Arborophila gingica,Arborophila gingica,,Arborophila_gingica_FJ752425,Galliformes,,Arborophila,253,NA,NA
Arborophila rufogularis,Arborophila rufogularis,,Arborophila_rufogularis_FJ752424,Galliformes,,Arborophila,350.5,NA,NA
Archilochus colubris,Archilochus colubris,,Archilocus_colubris_NC010094,Apodiformes,,Archilochus,3.1,9.1,365
Ardea cinerea,Ardea cinerea,,Ardea_cinerea_NC025900,Pelecaniformes,,Ardea,1443,37.5,730
Ardea intermedia,Ardea intermedia,,Ardea_intermedia_NC025918,Pelecaniformes,,Ardea,462,NA,NA
Ardea modesta,Ardea modesta,,Ardea_modesta_NC025916,Pelecaniformes,,Ardea,NA,NA,NA
Ardea purpurea,Ardea purpurea,,Ardea_purpurea_NC025919,Pelecaniformes,,Ardea,873.75,25.4,730
Ardeola bacchus,Ardeola bacchus,,Ardeola_bacchus_NC025921,Pelecaniformes,,Ardeola,306,NA,NA
Arenaria interpres,Arenaria interpres,,Arenaria_interpres_NC003712,Charadriiformes,,Arenaria,136,22.3,730
Athene brama,Athene brama,,NA,NA,NA,NA,NA,NA,NA
Attagis gayi,Attagis gayi,,Attagis_gayi,Charadriiformes,,Attagis,311,NA,NA
Aythya americana,Aythya americana,,Aythya_americana_NC000877,Anseriformes,,Aythya,1076.5,22.6,365
Aythya ferina,Aythya ferina,,Aythya_ferina_NC024602,Anseriformes,,Aythya,823,23.2,365
Balaeniceps rex,Balaeniceps rex,,Balaeniceps_rex_GU071053,Pelecaniformes,,Balaeniceps,5984,35.7,NA
Balearica pavonina,Balearica pavonina,,Balearica_pavonina_NC020570,Gruiformes,,Balearica,3590,NA,NA
Balearica regulorum,Balearica regulorum,,Balearica_regulorum_NC020569,Gruiformes,,Balearica,3772,27.2,1095
Bambusicola fytchii,Bambusicola fytchii,,Bambusicola_fytchii_NC020583,Galliformes,,Bambusicola,318.5,NA,NA
Bambusicola thoracicus,Bambusicola thoracica,,Bambusicola_thoracica_NC011816,Galliformes,,Bambusicola,270.25,NA,NA
Bombycilla cedrorum,Bombycilla cedrorum,,NA,NA,NA,NA,NA,NA,NA
Bonasa bonasia,Bonasa bonasia,,Bonasia_bonasia_NC020591,Galliformes,,Bonasa,429,11,120
Brotogeris cyanoptera,Brotogeris cyanoptera,,Brotogeris_cyanoptera_HM627323,Psittaciformes,,Brotogeris,56,11.3,730
Buteo burmanicus,Buteo burmanicus,,Buteo_burmanicus_KM364882,Accipitriformes,,Buteo,NA,NA,NA
Buteo buteo,Buteo buteo,,Buteo_buteo_NC003128,Accipitriformes,,Buteo,875,28.8,730
Butorides striata,Butorides striata,,Butorides_striata_NC025922,Gruiformes,,Butorides,226,11.6,730
Cacatua moluccensis,Cacatua moluccensis,,Cacatua_moluccensis_NC_020592,Psittaciformes,,Cacatua,835,65.8,2000
Cacatua pastinator,Cacatua pastinator,,Cacatua_pastinator_JF414240,Psittaciformes,,Cacatua,750,26.3,2000
Cairina moschata,Cairina moschata,,Cairina_moschata_NC010965,Anseriformes,,Cairina,2450,NA,NA
Calyptorhynchus baudinii,Calyptorhynchus baudinii,,Calyptorhynchus_baudinii_NC020594,Psittaciformes,,Calyptorhynchus,620,47,NA
Calyptorhynchus latirostris,Calyptorhynchus latirostris,,Calyptorhynchus_latirostris_NC020595,Psittaciformes,,Calyptorhynchus,612,NA,NA
Campylorhynchus zonatus,Campylorhynchus zonatus,,Campylorhynchus_zonatus_NC022840,Psittaciformes,,Campylorhynchus,34.6,7.3,243
Cardinalis cardinalis,Cardinalis cardinalis,,Cardinalis_cardinalis,Passeriformes,,Cardinalis,42.65,28.5,365
Carpodacus roseus,Carpodacus roseus,,Carpodacus_roseus,Passeriformes,,Carpodacus,28.6,NA,NA
Carpodacus sibiricus,Uragus sibiricus,,Uragus_sibiricus,Passeriformes,,Uragus,17.45,NA,NA
Casuarius bennetti,Casuarius bennetti,,Casuarius_bennetti_AY016011,Casuariiformes,,Casuarius,35000,26,NA
Casuarius casuarius,Casuarius casuarius,,Casuarius_casuarius_NC002778,Casuariiformes,,Casuarius,44000,30,NA
Catharacta skua,Catharacta skua,,Catharacta_skua,Charadriiformes,,Catharacta,1340,34.5,2190
Cathartes aura,Cathartes aura,,Cathartes_aura_NC007628,Charadriiformes,,Cathartes,2006,20.8,4015
Cecropis daurica,Cecropis daurica,,Cecropis_daurica_NC_024107,Passeriformes,,Cecropis,22.2,9,NA
Chalcophaps indica,Chalcophaps indica,,Chalcophaps_indica_HM746789,Columbiformes,,Chalcophaps,136,NA,NA
Chionis minor,Chionis minor,,Chionis_minor,Charadriiformes,,Chionis,588,NA,NA
Chloris sinica,Carduelis sinica,,Carduelis_sinica_NC015196,Passeriformes,,Carduelis,19,NA,NA
Chlorodrepanis flava,Hemignathus flavus,,Hemignathus_flavus,Passeriformes,,Hemignathus,12.65,NA,NA
Chlorophanes spiza,Chlorophanes spiza,,Chlorophanes_spiza,Passeriformes,,Chlorophanes,19,NA,NA
Chroicocephalus ridibundus,Chroicocephalus ridibundus,,Chroicocephalus_ridibundus_KM577662,Charadriiformes,,Chroicocephalus,284,32.9,730
Chrysolophus amherstiae,Chrysolophus amherstiae,,Chrysolophus_amherstiae_NC014576,Galliformes,,Chrysolophus,738.25,19.6,NA
Chrysolophus pictus,Chrysolophus pictus,,NA,NA,NA,NA,NA,NA,NA
Chrysomus icterocephalus,Chrysomus icterocephalus,,Chrysomus_icterocephalus_NC018799,Galliformes,,Chrysomus,31,NA,NA
Chrysomus ruficapillus,Chrysomus ruficapillus,,Chrysomus_ruficapillus_NC018796,Galliformes,,Chrysomus,36.75,NA,NA
Ciconia boyciana,Ciconia boyciana,,Ciconia_boyciana_NC002196,Ciconiiformes,,Ciconia,4850.5,48.1,NA
Ciconia ciconia,Ciconia ciconia,,Ciconia_ciconia_NC002197,Ciconiiformes,,Ciconia,3448,39,1460
Cnemotriccus fuscatus,Cnemotriccus fuscatus,,NA,NA,NA,NA,NA,NA,NA
Coccothraustes coccothraustes,Coccothraustes coccothraustes,,Coccothraustes_coccothraustes,Passeriformes,,Coccothraustes,56.65,12.6,365
Coccothraustes vespertinus,Coccothraustes vespertinus,,Coccothraustes_vespertinus,Passeriformes,,Coccothraustes,59.55,17,NA
Colinus virginianus,Colinus virginianus,,Colinus_virginianus_NC024620,Galliformes,,Colinus,178,6.4,365
Columba janthina,Columba janthina,,Columba_janthina_KM926619,Columbiformes,,Columba,397,NA,NA
Columba livia,Columba livia,,Columba_livia_NC013978,Columbiformes,,Columba,354.5,35,140
Corvus brachyrhynchos,Corvus brachyrhynchos,,Corvus_brachyrhynchos_NC026461,Passeriformes,,Corvus,506,20,730
Corvus frugilegus,Corvus frugilegus,,Corvus_frugilegus_NC002069,Passeriformes,,Corvus,453.5,22.9,730
Corvus hawaiiensis,Corvus hawaiiensis,,Corvus_hawaiiensis_NC_026783,Passeriformes,,Corvus,520,25,730
Corvus macrorhynchos,Corvus macrorhynchos,,Corvus_macrorhynchos_KR057957,Passeriformes,,Corvus,482.25,NA,NA
Corvus nasicus,Corvus cornix,,Corvus_cornix_NC_024698,Passeriformes,,Corvus,570,19.2,1095
Corvus splendens,Corvus splendens,,Corvus_splendens_KJ766304,Passeriformes,,Corvus,293.5,NA,NA
Coturnix chinensis,Coturnix chinensis,,Coturnix_chinensis_NC004575,Galliformes,,Coturnix,41.75,5,NA
Coturnix japonica,Coturnix japonica,,Coturnix_japonica_NC003408,Galliformes,,Coturnix,94.8,6,63
Crax daubentoni,Crax daubentoni,,Crax_daubentoni_NC024617,Galliformes,,Crax,2506.5,NA,NA
Crax rubra,Crax rubra,,Crax_rubra_NC024618,Galliformes,,Crax,4133,24,NA
Crithagra albogularis,Serinus albogularis,,Serinus_albogularis,Passeriformes,,Serinus,27.1,NA,365
Crithagra dorsostriata,Serinus dorsostriatus,,Serinus_dorsostriatus_KM078798,Passeriformes,,Serinus,14.5,NA,365
Crossoptilon auritum,Crossoptilon auritum,,Crossopptilon_auritum_NC015897,Galliformes,,Crossoptilon,1785,NA,NA
Crossoptilon crossoptilon,Crossoptilon crossoptilon,,Crossoptilon_crossoptilon_NC016679,Galliformes,,Crossoptilon,2137.5,NA,NA
Crossoptilon harmani,Crossoptilon harmani,,Crossoptilon_harmani_NC026547,Galliformes,,Crossoptilon,NA,NA,NA
Crossoptilon mantchuricum,Crossoptilon mantchuricum,,Crossoptilon_mantchuricum_NC026548,Galliformes,,Crossoptilon,1900,NA,NA
Crotophaga ani,Crotophaga ani,,Crotophaga_ani_HM746794,Cuculiformes,,Crotophaga,97.4,NA,NA
Crypturellus tataupa,Crypturellus tataupa,,NA,NA,NA,NA,NA,NA,NA
Curaeus curaeus,Curaeus curaeus,,Curaeus_curaeus_NC018808,Passeriformes,Icteridae,Curaeus,83.7,NA,NA
Cyanopica cyanus,Cyanopica cyanus,,Cyanopica_cyanus_NC015824,Passeriformes,,Cyanopica,96,NA,NA
Cygnus atratus,Cygnus atratus,,Cygnus_atratus_NC012843,Anseriformes,,Cygnus,5650,NA,821
Cygnus olor,Cygnus olor,,Cygnus_olor_mitochondrion_NC027096,Anseriformes,,Cygnus,10735,70,1095
Drepanis coccinea,Vestiaria coccinea,,Vestiaria_coccinea,Passeriformes,,Vestiaria,18.3,8.8,NA
Dryocopus pileatus,Dryocopus pileatus,,Dryocopus_pileatus_NC008546,Piciformes,,Dryocopus,287,13,354
Egretta eulophotes,Egretta eulophotes,,Egretta_eulophotes_NC009736,Pelecaniformes,,Egretta,469.5,NA,NA
Egretta sacra,Egretta sacra,,Egretta_sacra_NC025920,Pelecaniformes,,Egretta,383,NA,NA
Emberiza aureola,Emberiza aureola,,Emberiza_aureola_NC022150,Passeriformes,,Emberiza,19.6,7,365
Emberiza chrysophrys,Emberiza chrysophrys,,Emberiza_chrysophrys_NC015233,Passeriformes,,Emberiza,18,NA,365
Emberiza pusilla,Emberiza pusilla,,Emberiza_pusilla_NC021408,Passeriformes,,Emberiza,13.8,NA,365
Emberiza rustica,Emberiza rustica,,Emberiza_rustica_KC831775,Passeriformes,,Emberiza,20.55,NA,365
Emberiza rutila,Emberiza rutila,,Emberiza_rutila_KC952874,Passeriformes,,Emberiza,17.5,NA,365
Emberiza tristrami,Emberiza tristrami,,Emberiza_tristrami_NC015234,Passeriformes,,Emberiza,18,NA,365
Emeus crassus,Emeus crassus,,Emeus_crassus_NC002673,Dinornithiformes,,Emeus,NA,NA,NA
Eopsaltria australis,Eopsaltria australis,,Eopsaltria_australis_NC019665,Passeriformes,,Eopsaltria,20.25,NA,NA
Epthianura albifrons,Epthianura albifrons,,Epthianura_albifrons_NC019664,Passeriformes,,Epthianura,13.3,NA,NA
Eudromia elegans,Eudromia elegans,,NA,NA,NA,NA,NA,NA,NA
Eudyptula minor,Eudyptula minor,,Eudyptula_minor_NC004538,Sphenisciformes,,Eudyptula,1110,16,NA
Eulabeornis castaneoventris,Eulabeornis castaneoventris,,Eulabeornis_castaneoventris_NC025501,Gruiformes,,Eulabeornis,687,NA,NA
Euphagus cyanocephalus,Euphagus cyanocephalus,,Euphagus_cyanocephalus_NC018827,Passeriformes,Icteridae,Euphagus,62.65,12.5,365
Falco cherrug,Falco cherrug,,Falco_cherrug_NC026715,Falconiformes,,Falco,966,15.9,NA
Falco peregrinus,Falco peregrinus,,Falco_peregrinus_NC008878,Falconiformes,,Falco,1047.5,25,365
Ficedula albicollis,Ficedula albicollis,,Ficedula_albicollis_NC021621,Passeriformes,,Ficedula,12.7,9.8,365
Ficedula zanthopygia,Ficedula zanthopygia,,Ficedula_zanthopygia_NC015802,Passeriformes,,Ficedula,11.2,NA,NA
Fratercula arctica,Fratercula arctica,,Fratercula_arctica,Charadriiformes,,Fratercula,381,40.8,1460
Fulica atra,Fulica atra,,Fulica_atra_NC025500,Gruiformes,,Fulica,531,20.6,365
Gallicolumba luzonica,Gallicolumba luzonica,,Gallicolumba_luzonica_HM746790,Columbiformes,,Gallicolumba,196,NA,NA
Gallinula chloropus,Gallinula chloropus,,Gallinula_chloropus_NC015236,Gruiformes,,Gallinula,382,18.6,365
Gallirallus australis,Gallirallus australis,,Gallirallus_australis_KF701060,Gruiformes,Rallidae,Gallirallus,893.5,13.8,NA
Gallirallus okinawae,Gallirallus okinawae,,Gallirallus_okinanawae_NC012140,Gruiformes,Rallidae,Gallirallus,433,NA,NA
Gallirallus philippensis,Gallirallus philippensis,,Gallirallus_philippensis,Gruiformes,Rallidae,Gallirallus,180,NA,NA
Garrulax cineraceus,Garrulax cineraceus,,Garrulax_cineraceus_NC_024553,Passeriformes,,Garrulax,49,NA,NA
Garrulax perspicillatus,Garrulax perspicillatus,,Garrulax_perspicillatus,Passeriformes,,Garrulax,118,NA,NA
Gavia pacifica,Gavia pacifica,,Gavia_pacifica_NC008139,Gaviiformes,,Gavia,1668.5,NA,NA
Gavia stellata,Gavia stellata,,Gavia_stellata_NC007007,Gaviiformes,,Gavia,1486,24,1095
Geococcyx californianus,Geococcyx californianus,,Geococcyx_californianus_NC011711,Cuculiformes,,Geococcyx,376,9,365
Geopelia striata,Geopelia striata,,Geopelia_striata_HM746791,Columbiformes,,Geopelia,56.6,14,NA
Geospiza fortis,Geospiza fortis,,Geospiza_fortis_KM891730,Passeriformes,,Geospiza,24,NA,NA
Grus monacha,Grus monacha,,Grus_monacha_NC020578,Gruiformes,,Grus,3735,24,1040
Grus nigricollis,Grus nigricollis,,Grus_nigricollis_NC020579,Gruiformes,,Grus,6000,NA,NA
Grus paradisea,Grus paradisea,,Grus_paradisea_FJ769844,Gruiformes,,Grus,4654,NA,NA
Grus virgo,Grus virgo,,Grus_virgo_FJ769845,Gruiformes,,Grus,2417,27,730
Gymnomystax mexicanus,Gymnomystax mexicanus,,Gymnomystax_mexicanus_NC018812,Passeriformes,Icteridae,Gymnomystax,98,NA,NA
Haematopus ater,Haematopus ater,,Haematopus_ater_NC003713,Charadriiformes,,Haematopus,724,17,1095
Haemorhous cassinii,Carpodacus cassinii,,Carpodacus_cassini,Passeriformes,,Carpodacus,26.5,7,365
Haemorhous mexicanus,Carpodacus mexicanus,,Carpodacus_mexicanus,Passeriformes,,Carpodacus,21.4,11.6,NA
Halcyon pileata,Halcyon pileata,,Halcyon_pileata_NC024198,Coraciiformes,,Halcyon,84,5.5,NA
Henicorhina leucosticta,Henicorhina leucosticta,,Henicorhina_leucosticta_KJ746107,Passeriformes,,Henicorhina,14.2,NA,NA
Himantopus mexicanus,Himantopus mexicanus,,Himantopus_mexicanus,Charadriiformes,,Himantopus,170,19.1,365
Himatione sanguinea,Himatione sanguinea,,Himatione_sanguinea,Passeriformes,,Himatione,15.2,11,NA
Hirundo rustica,Hirundo rustica,,Hirundo_rustica_KP148840,Passeriformes,,Hirundo,16,16,365
Hyliota flavigaster,Hyliota flavigaster,,Hyliota_flavigaster,Passeriformes,,Hyliota,12.5,NA,NA
Ixobrychus cinnamomeus,Ixobrychus cinnamomeus,,Ixobrychus_cinnamomeus_NC015077,Pelecaniformes,,Ixobrychus,126.5,6.9,730
Ixobrychus eurhythmus,Ixobrychus eurhythmus,,Ixobrychus_eurhythmus_NC025924,Pelecaniformes,,Ixobrychus,142.25,6.9,730
Jacana jacana,Jacana jacana,,Jacana_jacana_NC024069,Charadriiformes,,Jacana,108.25,NA,NA
Jacana spinosa,Jacana spinosa,,Jacana_spinosa_NC024068,Charadriiformes,,Jacana,95.45,NA,NA
Larus brunnicephalus,Larus brunnicephalus,,Larus_brunnicephalus_NC018548,Charadriiformes,,Larus,572.5,31.85,1460
Larus crassirostris,Larus crassirostris,,Larus_crassirostris_NC025556,Charadriiformes,,Larus,561,31.85,1460
Larus dominicanus,Larus dominicanus,,Larus_dominicanus_NC007006,Charadriiformes,,Larus,941,31.85,1460
Leiothrix argentauris,Leiothrix argentauris,,Leiothrix_argentauris_NC015114,Passeriformes,,Leiothrix,28.4,NA,NA
Leiothrix lutea,Leiothrix lutea,,Leiothrix_lutea_NC020427,Passeriformes,,Leiothrix,21.4,15,NA
Leptotila verreauxi,Leptotila verreauxi,,leptotila_verreauxi_HM640214,Columbiformes,,Leptotila,161,8.6,NA
Leucosticte arctoa,Leucosticte arctoa,,Leucosticte_arctoa,Passeriformes,,Leucosticte,30.75,6.6,365
Leucosticte brandti,Leucosticte brandti,,Leucosticte_brandti,Passeriformes,,Leucosticte,30.4,6.6,365
Lophophorus lhuysii,Lophophorus lhuysii,,Lophophorus_lhuysii_NC013979,Galliformes,,Lophophorus,3008,NA,NA
Lophophorus sclateri,Lophophorus sclateri,,Lophophorus_sclateri_NC_020589,Galliformes,,Lophophorus,2348.25,NA,NA
Lophura nycthemera,Lophura nycthemera,,Lophura_nycthemera_NC012895,Galliformes,,Lophura,1490,NA,NA
Lophura swinhoii,Lophura swinhoii,,NA,NA,NA,NA,NA,NA,NA
Loxia curvirostra,Loxia curvirostra,,Loxia_curvirostra,Passeriformes,,Loxia,36.4,16.1,365
Loxops caeruleirostris,Loxops caeruleirostris,,Loxops_caeruleirostris,Passeriformes,,Loxops,10.8,NA,NA
Loxops coccineus,Loxops coccineus,,Loxops_coccineus_NC025612,Passeriformes,,Loxops,10.5,10,365
Macroagelaius imthurni,Macroagelaius imthurni,,Macroagelaius_imthurni_NC018810,Passeriformes,Icteridae,Macroagelaius,77.95,NA,NA
Malurus melanocephalus,Malurus melanocephalus,,Malurus_melanocephalus,Passeriformes,,Malurus,7.9,10.4,365
Melopsittacus undulatus,Melopsittacus undulatus,,Melopsittacus_undulatus_NC009134,Psittaciformes,,Melopsittacus,29,21,180
Mionectes oleagineus,Mionectes oleagineus,,NA,NA,NA,NA,NA,NA,NA
Montifringilla adamsi,Montifringilla adamsi,,Montifringilla_adamsi,Passeriformes,,Montifringilla,NA,NA,NA
Montifringilla nivalis,Montifringilla nivalis,,Montifringilla_nivalis,Passeriformes,,Montifringilla,36.9,NA,NA
Morus serrator,Morus serrator,,Morus_serrator_GU071056,Suliformes,,Morus,2350,33,730
Ninox novaeseelandiae,Ninox novaeseelandiae,,NA,NA,NA,NA,NA,NA,NA
Nisaetus alboniger,Spizaetus alboniger,,Spizaetus_alboniger_NC007599,Accipitriformes,,Spizaetus,830,NA,NA
Nisaetus nipalensis,Spizaetus nipalensis,,Spizaetus_nipalensis_NC_007598,Accipitriformes,,Spizaetus,3012.5,NA,NA
Notiomystis cincta,Notiomystis cincta,,NA,NA,NA,NA,NA,NA,NA
Numida meleagris,Numida meleagris,,Numida_meleagris_NC006382,Galliformes,,Numida,1299,NA,NA
Nyctibius grandis,Nyctibius grandis,,Nyctibius_grandis_EU344977,Caprimulgiformes,,Nyctibius,547,NA,NA
Nyctibius griseus,Nyctibius griseus,,Nyctibius_griseus_HM746792,Caprimulgiformes,,Nyctibius,185,NA,NA
Oedistoma iliolophus,Oedistoma iliolophus,,NA,NA,NA,NA,NA,NA,NA
Oreomystis bairdi,Oreomystis bairdi,,Oreomystis_bairdi,Passeriformes,,Oreomystis,NA,NA,NA
Oreopsar bolivianus,Oreopsar bolivianus,,Oreopsar_bolivianus_NC018797,Passeriformes,Icteridae,Oreopsar,72.95,NA,NA
Oriolus chinensis,Oriolus chinensis,,Oriolus_chinensis_NC020424,Passeriformes,,Oriolus,82.6,15.15,365
Paroreomyza montana,Paroreomyza montana,,Paroreomyza_montana,Passeriformes,,Paroreomyza,13.15,NA,608
Parus major,Parus major,,Parus_major_NC_026293,Passeriformes,,Parus,18.25,15.4,365
Parus venustulus,Parus venustulus,,Parus_venustulus_NC_026701,Passeriformes,,Parus,NA,NA,NA
Passer domesticus,Passer domesticus,,Passer_domesticus,Passeriformes,,Passer,27.7,23,152
Passer montanus,Passer montanus,,Passer_montanus_JX486030,Passeriformes,,Passer,22,13.1,319
Pavo cristatus,Pavo cristatus,,Pavo_cristatus_NC024533,Galliformes,,Pavo,4194,23.2,730
Pavo muticus,Pavo muticus,,Pavo_muticus_NC012897,Galliformes,,Pavo,2767.5,NA,NA
Pedionomus torquatus,Pedionomus torquatus,,Pedionomus_torquatus,Charadriiformes,,Pedionomus,63.2,NA,NA
Pelecanus conspicillatus,Pelecanus conspicillatus,,Pelecanus_conspicillatus_DQ780883,Pelecaniformes,,Pelecanus,5505,47,730
Perdix dauurica,Perdix dauurica,,Perdix_dauurica_NC020588,Galliformes,,Perdix,263.5,5.2,365
Perdix hodgsoniae,Perdix hodgsoniae,,Perdix_hodgsoniae_NC023940,Galliformes,,Perdix,372,5.2,365
Periparus ater,Periparus ater,,Periparus_ater,Passeriformes,,Periparus,9.2,9.5,365
Petroica boodang,Petroica boodang,,Petroica_boodang_NC019666,Passeriformes,,Petroica,NA,NA,NA
Petroica phoenicea,Petroica phoenicea,,Petroica_phoenicea_NC019668,Passeriformes,,Petroica,13,NA,NA
Phaethon rubricauda,Phaethon rubricauda,,NA,NA,NA,NA,NA,NA,NA
Phalacrocorax chalconotus,Phalacrocorax chalconotus,,Phalacrocorax_chalconotus_NC014679,Suliformes,,Phalacrocorax,2265.5,20.25,730
Phasianus colchicus,Phasianus colchicus,,Phasianus_colchicus_NC015526,Galliformes,,Phasianus,1135,27,240
Phasianus versicolor,Phasianus versicolor,,Phasianus_versicolor_NC010778,Galliformes,,Phasianus,925,NA,NA
Phodilus badius,Phodilus badius,,Phodilus_badius_NC_023787,Strigiformes,,Phodilus,281.5,NA,NA
Phoebastria immutabilis,Phoebastria immutabilis,,Phoebastria_immutabilis_NC026189,Procellariformes,,Phoebastria,3150,62,3141
Phoebastria nigripes,Phoebastria nigripes,,Phoebastria_nigripes_NC026188,Procellariformes,,Phoebastria,3195,42.1,1825
Phoenicurus auroreus,Phoenicurus auroreus,,Phoenicurus_auroreus,Passeriformes,,Phoenicurus,16.2,10.2,365
Pica pica,Pica pica,,Pica_pica_NC015200,Passeriformes,,Pica,206,21.7,730
Pinicola enucleator,Pinicola enucleator,,Pinicola_enucleator,Passeriformes,,Pinicola,56.4,9.8,365
Pitta nympha,Pitta nympha,,NA,NA,NA,NA,NA,NA,NA
Platalea leucorodia,Platalea leucorodia,,Platalea_leucorodia_NC012772,Pelecaniformes,,Platalea,1868,30.1,1095
Platalea minor,Platalea minor,,Platalea_minor_NC010962,Pelecaniformes,,Platalea,1228,15,NA
Pluvianellus socialis,Pluvianellus socialis,,Pluvianellus_socialis,Charadriiformes,,Pluvianellus,84.25,NA,NA
Podiceps cristatus,Podiceps cristatus,,Podiceps_cristatus_NC008140,Podicipediformes,,Podiceps,673.5,19.2,730
Podoces hendersoni,Podoces hendersoni,,Podoces_hendersoni_NC014879,Podicipediformes,,Podoces,120.5,NA,NA
Poecile atricapillus,Poecile atricapillus,,Poecile_atricapilla,Passeriformes,,Poecile,10.8,12.4,180
Poecile palustris,Poecile palustris,,Poecile_palustris_NC_026911,Passeriformes,,Poecile,10.9,11.9,365
Polyplectron bicalcaratum,Polyplectron bicalcaratum,,Polyplectron_bicalcaratum_NC012900,Galliformes,,Polyplectron,582.5,NA,NA
Polyplectron germaini,Polyplectron germaini,,Polyplectron_germaini_NC023264,Galliformes,,Polyplectron,453.5,NA,NA
Porphyrio hochstetteri,Porphyrio hochstetteri,,Porphyrio_hochstetteri_NC010092,Gruiformes,,Porphyrio,2500,NA,NA
Porphyrio porphyrio,Porphyrio porphyrio,,Porphyrio_porphyrio_NC025508,Gruiformes,,Porphyrio,988,NA,NA
Primolius couloni,Primolius couloni,,Primolius_couloni_NC025742,Psittaciformes,,Primolius,250,31,NA
Procellaria cinerea,Procellaria cinerea,,Procellaria_cinerea_AP009191,Procellariformes,,Procellaria,1131,17,NA
Pseudoleistes guirahuro,Pseudoleistes guirahuro,,Pseudoleistes_guirahuro_NC018809,Passeriformes,Icteridae,Pseudoleistes,86.55,NA,NA
Pseudoleistes virescens,Pseudoleistes virescens,,Pseudoleistes_virescens_NC018805,Passeriformes,Icteridae,Pseudoleistes,79.95,NA,NA
Pseudopodoces humilis,Pseudopodoces humilis,,Pseudopodoces_humilisreal,Passeriformes,,Pseudopodoces,NA,NA,NA
Pycnonotus sinensis,Pycnonotus sinensis,,Pycnonotus_sinensis_NC013838,Passeriformes,,Pycnonotus,34.2,9.95,NA
Pycnonotus taivanus,Pycnonotus taivanus,,Pycnonotus_taivanus_NC013483,Passeriformes,,Pycnonotus,26.5,9.95,NA
Pygoscelis adeliae,Pygoscelis adeliae,,Pygoscelis_adeliae_GQ925791,Sphenisciformes,,Pygoscelis,4850,NA,730
Pygoscelis antarcticus,Pygoscelis antarcticus,,Pygoscelis_antarcticus_NC021474_,Sphenisciformes,,Pygoscelis,4155.5,NA,730
Pyrgilauda blanfordi,Pyrgilauda blanfordi,,Pyrgilauda_blanfordi,Passeriformes,,Pyrgilauda,NA,NA,NA
Pyrgilauda davidiana,Pyrgilauda davidiana,,Pyrgilauda_davidiana,Passeriformes,,Pyrgilauda,NA,NA,NA
Pyrrhocorax graculus,Pyrrhocorax graculus,,Pyrrhocorax_graculus,Passeriformes,,Pyrrhocorax,211.5,24.4,1095
Pyrrhocorax pyrrhocorax,Pyrrhocorax pyrrhocorax,,Pyrrhocorax_pyrrhocorax,Passeriformes,,Pyrrhocorax,287.5,20.3,730
Pyrrhula pyrrhula,Pyrrhula pyrrhula,,Pyrrhula_pyrrhula,Passeriformes,,Pyrrhula,21.8,17.5,365
Quiscalus quiscula,Quiscalus quiscula,,Quiscalus_quiscula_NC018803,Passeriformes,Icteridae,Quiscalus,106.1,23.1,365
Rallina eurizonoides,Rallina eurizonoides,,Rallina_eurizonoides_NC012142,Gruiformes,,Rallina,109,NA,NA
Regulus regulus,Regulus regulus,,NA,NA,NA,NA,NA,NA,NA
Rhabdotorrhinus corrugatus,Aceros corrugatus,,Aceros_corrugatus_HM755883,Bucerotiformes,Bucerotidae,Aceros,1590,NA,NA
Rhabdotorrhinus waldeni,Aceros waldeni,,Aceros_waldenii_HQ834450,Bucerotiformes,Bucerotidae,Aceros,NA,NA,NA
Rhea americana,Rhea americana,,Rhea_americana_NC000846,Rheiformes,,Rhea,23000,NA,426
Rhea pennata,Pterocnemia pennata,,Pterocnemia_pennata_NC002783,Rheiformes,,Pterocnemia,23900,NA,NA
Rhynchopsitta terrisi,Rhynchopsitta terrisi,,Rhynchopsitta_terrisi_NC021771,Psittaciformes,,Rhynchopsitta,442,33,730
Rhynchortyx cinctus,Rhynchortyx cinctus,,Rhynchortyx_cinctus,Galliformes,,Rhynchortyx,150,NA,NA
Rhynochetos jubatus,Rhynochetos jubatus,,NA,NA,NA,NA,NA,NA,NA
Rynchops niger,Rynchops niger,,Rhynchops_niger,Charadriiformes,,Rynchops,301.5,20.2,730
Sagittarius serpentarius,Sagittarius serpentarius,,Sagittarius_serpentarius_NC023788,Accipitriformes,,Sagittarius,4017,NA,NA
Sasia ochracea,Sasia ochracea,,Sasia_ochracea,Piciformes,,Sasia,9.7,NA,NA
Saxicola rubicola,Saxicola rubicola,,Saxicola_rubicola_AV7,Passeriformes,,Saxicola,15.3,NA,NA
Saxicola torquatus,Saxicola torquata,,Saxicola_torquata_AV6,Passeriformes,,Saxicola,15.75,8.8,365
Scolopax rusticola,Scolopax rusticola,,Scolopax_rusticola_NC025521,Charadriiformes,,Scolopax,309.5,15.5,365
Scytalopus magellanicus,Scytalopus magellanicus,,NA,NA,NA,NA,NA,NA,NA
Smithornis sharpei,Smithornis sharpei,,NA,NA,NA,NA,NA,NA,NA
Spheniscus demersus,Spheniscus demersus,,Spheniscus_demersus_NC022817,Sphenisciformes,,Spheniscus,3135,27.3,1040
Spilornis cheela,Spilornis cheela,,Spilornis_cheela_NC015887,Accipitriformes,,Spilornis,900,NA,NA
Spinus pinus,Carduelis pinus,,Carduelis_pinus,Passeriformes,,Carduelis,12.7,11,NA
Spinus spinus,Carduelis spinus,,Carduelis_spinus_NC015198,Passeriformes,,Carduelis,13.25,13.5,365
Stercorarius maccormicki,Stercorarius maccormicki,,Stercorarius_maccormicki_NC026125,Charadriiformes,,Stercorarius,1349,23.5,1695
Sterna eurygnatha,Sterna eurygnatha,,Sterna_eurygnatha,Charadriiformes,,Sterna,116,29.35,1095
Sula dactylatra,Sula dactylatra,,Sula_dactylatra_KC875857,Suliformes,,Sula,1713,25.5,1461
Sylvia atricapilla,Sylvia atricapilla,,Sylvia_atricapilla_NC010228,Passeriformes,,Sylvia,16.7,13.8,365
Sylvia crassirostris,Sylvia crassirostris,,Sylvia_crassirostris_NC010229,Passeriformes,,Sylvia,21.9,NA,NA
Synthliboramphus antiquus,Synthliboramphus antiquus,,Synthliboramphus_antiquus_NC007978,Charadriiformes,Alcidae,Synthliboramphus,207,15,730
Syrmaticus ellioti,Syrmaticus ellioti,,Syrmaticus_ellioti_NC010771,Galliformes,,Syrmaticus,1017,NA,NA
Syrmaticus humiae,Syrmaticus humiae,,Syrmaticus_humiae_NC010774,Galliformes,,Syrmaticus,888.75,NA,NA
Tachybaptus novaehollandiae,Tachybaptus novaehollandiae,,Tachypatpus_novaehollandiae_NC010095,Podicipediformes,,Tachybaptus,219,17.5,365
Tachycineta albilinea,Tachycineta albilinea,,Tachycineta_albilinea_NC020601,Passeriformes,,Tachycineta,16.7,NA,NA
Tachycineta albiventer,Tachycineta albiventer,,Tachycineta_albiventer_NC020602,Passeriformes,,Tachycineta,17.7,NA,NA
Tachycineta cyaneoviridis,Tachycineta cyaneoviridis,,Tachycineta_cyaneoviridis_NC020599,Passeriformes,,Tachycineta,17.5,NA,NA
Tachycineta euchrysea,Tachycineta euchrysea,,Tachycineta_euchrysea_NC020598,Passeriformes,,Tachycineta,NA,NA,NA
Tachycineta leucorrhoa,Tachycineta leucorrhoa,,Tachycineta_leucorrhoa_NC020603,Passeriformes,,Tachycineta,15.3,NA,NA
Tachycineta meyeni,Tachycineta meyeni,,Tachycineta_meyeni_NC020604,Passeriformes,,Tachycineta,14.9,NA,NA
Taeniopygia guttata,Taeniopygia guttata,,Taeniopygia_guttata_NC_007897_,Passeriformes,,Taeniopygia,12.05,12,60
Tarsiger cyanurus,Luscinia cyanura,,Luscinia_cyanura,Passeriformes,,Luscinia,NA,10.9,365
Tetraophasis obscurus,Tetraophasis obscurus,,Tetraophasis_obscurus_NC018034,Galliformes,,Tetraophasis,859,NA,NA
Tetraophasis szechenyii,Tetraophasis szechenyii,,Tetraophasis_szechenyii_NC020613,Galliformes,,Tetraophasis,1070,NA,NA
Tetrastes sewerzowi,Tetrastes sewerzowi,,Tetrastes_sewerzowi_NC025318,Galliformes,,Tetrastes,267.5,7.2,NA
Thalassarche chrysostoma,Diomedea chrysostoma,,Diomedea_chrysostoma_AP009193,Procellariformes,,Diomedea,3507.5,47.2,NA
Thalassarche melanophris,Diomedea melanophrys,,Diomedea_melanohprys_NC007172,Procellariformes,,Diomedea,3564,NA,NA
Thamnophilus nigrocinereus,Thamnophilus nigrocinereus,,NA,NA,NA,NA,NA,NA,NA
Thraupis episcopus,Thraupis episcopus,,Thraupis_episcopus,Passeriformes,,Thraupis,35,9.5,NA
Todiramphus sanctus,Halcyon sancta,,Halcyon_sancta_NC011712,Coraciiformes,,Halcyon,43.7,5.5,NA
Tragopan caboti,Tragopan caboti,,Tragopan_caboti_NC013619,Galliformes,,Tragopan,1150,NA,NA
Tragopan temminckii,Tragopan temminckii,,Tragopan_temminckii_NC020586,Galliformes,,Tragopan,1184,NA,NA
Tregellasia leucops,Tregellasia leucops,,Tregellasia_leucops,Passeriformes,,Tregellasia,14.85,NA,NA
Turdus hortulorum,Turdus hortulorum,,Turdus_hortulorum,Passeriformes,,Turdus,66.7,NA,NA
Turdus naumanni,Turdus naumanni,,Turdus_naumanni_KJ834096,Passeriformes,,Turdus,77.9,NA,NA
Turtur tympanistria,Turtur tympanistria,,Turtur_tympanistria_HM746793,Columbiformes,,Turtur,67.7,NA,NA
Tyto alba,Tyto alba,,Tyto_alba_EU410491,Strigiformes,,Tyto,350,34,365
Urocissa erythroryncha,Urocissa erythrorhyncha,,NA,NA,NA,NA,NA,NA,NA
Vanellus cinereus,Vanellus cinereus,,Vanellus_cinereus_KM873665,Charadriiformes,,Vanellus,270,NA,NA
Vanellus vanellus,Vanellus vanellus,,Vanellus_vanellus_NC025637,Charadriiformes,,Vanellus,218.5,24.5,730
Vidua chalybeata,Vidua chalybeata,,Vidua_chalybeata_NC000880,Passeriformes,,Vidua,12.5,NA,NA
Vireo olivaceus,Vireo olivaceus,,Vireo_olivaceus,Passeriformes,,Vireo,16.8,10.2,365
Zenaida auriculata,Zenaida auriculata,,Zenaida_auriculata_HM640211,Columbiformes,,Zenaida,136,28.15,227.5
